country,year,data_source,ElectricityAccess_sharet,ElectricityAccess_popt,ElectricityAccess_shareu,ElectricityAccess_popu,ElectricityAccess_sharer,ElectricityAccess_popr,total_pop,Cleancooking_sharet,Cleancooking_sharer,Cleancooking_shareu,poverty_headcount,multidimensional_poverty,investment_gap_total,investment_gap_rural,investment_gap_urban,hdi,life_exp,schooling,income,poverty_reduction_2030_%,poverty_reduction_2050_%,poverty_reduction_2030_million,poverty_reduction_2050_million,GDPgains_2030_bi,GDPgains_2050_bi,cum_averteddeaths_2030,cum_averteddeaths_2050,GDPgains_cum2030_bi,GDPgains_cum2050_bi,InvRural_cum2030_bi,InvRural_cum2050_bi,InvUrban_cum2030_bi,InvUrban_cum2050_bi,InvRural_2030_bi,InvRural_2050_bi,InvUrban_2030_bi,InvUrban_2050_bi,InvTotal_cum_2030_bi,InvTotal_cum_2050_bi,fid,adm0_id,adm0_src,adm0_name,iso_cd,iso_2,iso_3,iso_3_grp,region3_cd,region3_nm,region2_cd,region2_nm,region1_cd,region1_nm,status_cd,status_nm,wld_date,wld_update,wld_view,pop_hrea_2020,pop_no_hrea_2020,hrea_2020,pop
Abyei,,,,,,,,,,,,,,,,,,,,,,,,,,,,,,,,,,,,,,,,,,276,XAB-20220530,XAB,Abyei,901,XA,XAB,XAB,14,Eastern Africa,202,Sub-Saharan Africa,2,Africa,99,Sovereignty unsettled,2021/05/28,2022/05/30,intl,510044,20877,0.9606777656,76652
Afghanistan,2020,WorldBank,97.7,"895,352",99.5,"50,657",97.1,"844,694",,33.0,16.0,83.0,n/a,49.4,0.062,0.062,0.000,0.478,62,3,"1,824",0%,-11%,0,-0.08,0.02,0.4,1970,2706.0000000001,0.06,2.46,0,-0.05,-0.01,0,-0.006,-0.001,0,0,-0.008,-0.059,2,AFG-20220530,AFG,Afghanistan,4,AF,AFG,AFG,34,Southern Asia,34,Southern Asia,142,Asia,1,State,2021/05/28,2022/05/30,intl,,,,40754375
Akrotiri and Dekelia,,,,,,,,,,,,,,,,,,,,,,,,,,,,,,,,,,,,,,,,,,309,XUK_1-20220530,XUK_1,Akrotiri (UK),939,QY,XUK,GBR,145,Western Asia,145,Western Asia,142,Asia,5,Territory/Self-governing territory,2021/05/28,2022/05/30,intl,,,,13349
Aksai Chin,,,,,,,,,,,,,,,,,,,,,,,,,,,,,,,,,,,,,,,,,,277,XAC-20220530,XAC,,902,XB,XAC,XAC,34,Southern Asia,34,Southern Asia,142,Asia,99,Sovereignty unsettled,2021/05/28,2022/05/30,intl,,,,2855
Albania,2020,WorldBank,100.0,0,100.0,0,100.0,0,,81.0,65.0,93.0,0,0.3,0.000,0.000,0.000,0.796,76.5,11.3,"14,131",0%,0%,0,0,0.01,0.02,0,-1,0.03,0.33,0,0,0,0,0,0,0,0,0,0,6,ALB-20220530,ALB,Albania,8,AL,ALB,ALB,39,Southern Europe,39,Southern Europe,150,Europe,1,State,2021/05/28,2022/05/30,intl,,,,2866380
Algeria,2020,WorldBank,99.8,"85,891",99.9,"37,503",99.6,"48,388",,100.0,99.0,100.0,0.5,n/a,0.514,0.142,0.372,0.745,76.4,8.1,"10,800",0%,0%,0,-0.001,0.3,2.5,-1,120,0.9,28,0.09,0.05,0.29,0.27,0.02,-0.005,0.04,-0.01,0.378,0.328,77,DZA-20220530,DZA,Algeria,12,DZ,DZA,DZA,15,Northern Africa,15,Northern Africa,2,Africa,1,State,2021/05/28,2022/05/30,intl,21029177,2009644,0.9127714044,45350131
American Samoa,,,,,,,,,,,,,,,,,,,,,,,,,,,,,,,,,,,,,,,,,,11,ASM-20220530,ASM,American Samoa (USA),16,AS,ASM,USA,61,Polynesia,61,Polynesia,9,Oceania,3,Non-self-governing territory,2021/05/28,2022/05/30,intl,,,,55032
Andorra,2020,WorldBank,100.0,0,100.0,0,100.0,0,,100.0,100.0,100.0,n/a,n/a,,,,0.858,80.4,10.6,"51,167",,,,,,,,,,,,,,,,,,,,,7,AND-20220530,AND,Andorra,20,AD,AND,AND,39,Southern Europe,39,Southern Europe,150,Europe,1,State,2021/05/28,2022/05/30,intl,,,,77460
Angola,2020,WorldBank,46.9,"17,455,075",73.7,"5,774,280",0.0,0,,50.0,8.0,78.0,31.1,47.2,3.099,2.684,0.415,0.586,61.6,5.4,"5,466",-5%,-114%,-0.01,-0.95,1.7,23.2,35192,99923,5,218,2.02,2.6,0.32,0.18,0.263,-0.008,0.04,-0.02,2.339,2.783,3,AGO-20220530,AGO,Angola,24,AO,AGO,AGO,17,Middle Africa,202,Sub-Saharan Africa,2,Africa,1,State,2021/05/28,2022/05/30,intl,9245335,5217954,0.6392277026,35027348
Anguilla,2020,WorldBank,100.0,0,0.0,0,0.0,0,,0.0,0.0,0.0,n/a,n/a,,,,,,,,,,,,,,,,,,,,,,,,,,,,4,AIA-20220530,AIA,Anguilla (UK),660,AI,AIA,GBR,29,Caribbean,419,Latin America and the Caribbean,19,Americas,3,Non-self-governing territory,2021/05/28,2022/05/30,intl,,,,15225
Antarctica,,,,,,,,,,,,,,,,,,,,,,,,,,,,,,,,,,,,,,,,,,12,ATA-20220530,ATA,Antarctica,10,AQ,ATA,ATA,0,Antarctica,0,Antarctica,0,Antarctica,0,Antarctica,2021/05/28,2022/05/30,intl,,,,0
Antigua and Barbuda,2020,WorldBank,100.0,0,100.0,0,100.0,0,,100.0,100.0,100.0,n/a,n/a,,,,0.788,78.5,9.3,"16,792",,,,,,,,,,,,,,,,,,,,,21,ATG-20220530,ATG,Antigua and Barbuda,28,AG,ATG,ATG,29,Caribbean,419,Latin America and the Caribbean,19,Americas,1,State,2021/05/28,2022/05/30,intl,,,,99505
Argentina,2020,WorldBank,100.0,0,100.0,0,100.0,0,,100.0,97.0,100.0,1.1,1.1,0.170,0.026,0.144,0.842,75.4,11.1,"20,925",-1%,-2%,-0.005,-0.01,1.1,5.6,20,110.0000000004,3.6,72.3,0.01,0.01,0.08,0.08,0.002,0,0.01,0,0.094,0.088,9,ARG-20220530,ARG,Argentina,32,AR,ARG,ARG,5,South America,419,Latin America and the Caribbean,19,Americas,1,State,2021/05/28,2022/05/30,intl,22098443,2945309,0.8823934609,46010238
Armenia,2020,WorldBank,100.0,0,100.0,761,100.0,0,,98.0,96.0,100.0,0.4,0.4,0.000,0.000,0.000,0.759,72,11.3,"13,158",0%,0%,0,0,0,0.01,0,1,0,0.2,0,0,0,0,0,0,0,0,0,0,10,ARM-20220530,ARM,Armenia,51,AM,ARM,ARM,145,Western Asia,145,Western Asia,142,Asia,1,State,2021/05/28,2022/05/30,intl,,,,2971968
Aruba,2020,WorldBank,100.0,0,100.0,0,100.0,0,,0.0,0.0,0.0,n/a,n/a,,,,,,,,,,,,,,,,,,,,,,,,,,,,1,ABW-20220530,ABW,Aruba (Neth.),533,AW,ABW,NLD,29,Caribbean,419,Latin America and the Caribbean,19,Americas,5,Territory/Self-governing territory,2021/05/28,2022/05/30,intl,,,,107612
Arunachal Pradesh,,,,,,,,,,,,,,,,,,,,,,,,,,,,,,,,,,,,,,,,,,278,XAP-20220530,XAP,,904,XD,XAP,XAP,34,Southern Asia,34,Southern Asia,142,Asia,99,Sovereignty unsettled,2021/05/28,2022/05/30,intl,,,,1165442
Australia,2020,WorldBank,100.0,0,100.0,0,100.0,0,,100.0,100.0,100.0,0.5,2.2,0.024,0.013,0.011,0.951,84.5,12.7,"49,238",0%,0%,0,0,1,2,-1,-29,3,35,0.01,0.02,0.01,0.01,0.001,0,0,0,0.018,0.022,22,AUS_1-20220530,AUS_1,Australia,36,AU,AUS,AUS,53,Australia and New Zealand,53,Australia and New Zealand,9,Oceania,1,State,2021/05/28,2022/05/30,intl,,,,26068794
Austria,2020,WorldBank,100.0,0,100.0,0,100.0,0,,100.0,100.0,100.0,0.6,0.7,0.029,0.024,0.005,0.916,81.6,12.3,"53,619",0%,0%,0,0,0.1,0.9,-1,-14,0.4,10.3,0.02,0.13,0.01,0.01,0.003,0.006,0,0,0.025,0.138,25,AUT-20220530,AUT,Austria,40,AT,AUT,AUT,155,Western Europe,155,Western Europe,150,Europe,1,State,2021/05/28,2022/05/30,intl,,,,9066687
Azerbaijan,2020,WorldBank,100.0,0,100.0,0,100.0,0,,97.0,94.0,99.0,0,n/a,0.009,0.004,0.005,0.745,69.4,10.5,"14,257",0%,0%,0,0,0.1,0.2,6,25,0.28,4.08,0,0.03,0,0,0.001,0.002,0,0,0.006,0.03,26,AZE-20220530,AZE,Azerbaijan,31,AZ,AZE,AZE,145,Western Asia,145,Western Asia,142,Asia,1,State,2021/05/28,2022/05/30,intl,,,,10300198
Bahamas,2020,WorldBank,100.0,0,100.0,0,100.0,0,,100.0,100.0,100.0,n/a,n/a,0.000,0.000,0.000,0.812,71.6,12.6,"30,486",0%,0%,0,0,0.01,0,0,0,0.02,0.1,0,0,0,0,0,0,0,0,-0.0002,-0.0002,37,BHS-20220530,BHS,Bahamas,44,BS,BHS,BHS,29,Caribbean,419,Latin America and the Caribbean,19,Americas,1,State,2021/05/28,2022/05/30,intl,,,,400515
Bahrain,2020,WorldBank,100.0,0,100.0,0,100.0,0,,100.0,100.0,100.0,n/a,n/a,0.002,0.001,0.002,0.875,78.8,11,"39,497",0%,0%,0,0,0.06,0.42,2,1,0.21,4.82,0,0,0,0.01,0,0,0,0,0.0008,0.006,36,BHR-20220530,BHR,Bahrain,48,BH,BHR,BHR,145,Western Asia,145,Western Asia,142,Asia,1,State,2021/05/28,2022/05/30,intl,,,,1783984
Bangladesh,2020,WorldBank,96.2,"6,258,197",97.8,"1,383,216",95.2,"4,874,980",,25.0,8.0,58.0,13.5,20.5,9.259,6.695,2.564,0.661,72.4,7.4,"5,472",0%,-1%,0.004,-0.023,1.8,19,82850.0000000001,200980,5.5,208,4.98,0.31,2.1,1.87,0.626,0.052,0.3,-0.02,7.085,2.185,34,BGD-20220530,BGD,Bangladesh,50,BD,BGD,BGD,34,Southern Asia,34,Southern Asia,142,Asia,1,State,2021/05/28,2022/05/30,intl,65146759,27671775,0.7018723114,167885664
Barbados,2020,WorldBank,100.0,0,100.0,0,100.0,0,,100.0,100.0,100.0,n/a,n/a,0.000,0.000,0.000,0.79,77.6,9.9,"12,306",0%,0%,0,0,0.003,0.006,0,0,0.008,0.137,0,0,0,0,0,0,0,0,0,0,45,BRB-20220530,BRB,Barbados,52,BB,BRB,BRB,29,Caribbean,419,Latin America and the Caribbean,19,Americas,1,State,2021/05/28,2022/05/30,intl,,,,288022
Belarus,2020,WorldBank,100.0,0,100.0,0,100.0,0,,100.0,99.0,100.0,0,3.2,0.013,0.007,0.006,0.808,72.4,12.1,"18,849",0%,0%,0,0,0.01,0.01,-2,-1,0.04,0.6,0.01,0.01,0.01,0.01,0,0,0,0,0.012,0.018,40,BLR-20220530,BLR,Belarus,112,BY,BLR,BLR,151,Eastern Europe,151,Eastern Europe,150,Europe,1,State,2021/05/28,2022/05/30,intl,,,,9432802
Belgium,2020,WorldBank,100.0,0,100.0,0,100.0,0,,100.0,100.0,100.0,0.1,0.8,0.008,0.001,0.007,0.937,81.9,12.4,"52,293",0%,0%,0,0,0,1,-5,-5,0.4,9.5,0,0,0.01,0.07,0,0,0,0.01,0.005,0.07,28,BEL-20220530,BEL,Belgium,56,BE,BEL,BEL,155,Western Europe,155,Western Europe,150,Europe,1,State,2021/05/28,2022/05/30,intl,,,,11668272
Belize,2020,WorldBank,97.1,"11,478",98.3,"3,053",96.1,"8,425",,82.0,73.0,95.0,18,n/a,0.000,0.000,0.000,0.683,70.5,8.8,"6,309",0%,2%,0,0,0.001,0.002,1,1,0.003,0.06,0,0,0,0,0,0,0,0,0.0029,-0.0017,41,BLZ-20220530,BLZ,Belize,84,BZ,BLZ,BLZ,13,Central America,419,Latin America and the Caribbean,19,Americas,1,State,2021/05/28,2022/05/30,intl,174550,32028,0.844959289,412201
Benin,2020,WorldBank,41.4,"7,102,866",66.1,"1,987,078",18.2,"5,115,787",,4.0,1.0,7.0,19.9,53.3,1.820,1.580,0.240,0.525,59.8,4.3,"3,409",6%,-60%,0.012,-0.143,0.2,5.7,10195,28595,0.54,45.08,1.22,1.07,0.2,0.22,0.162,-0.029,0.03,0,1.416,1.289,29,BEN-20220530,BEN,Benin,204,BJ,BEN,BEN,11,Western Africa,202,Sub-Saharan Africa,2,Africa,1,State,2021/05/28,2022/05/30,intl,3207779,3063087,0.5115368436,12784728
Bermuda,2020,WorldBank,100.0,0,100.0,0,100.0,0,,0.0,0.0,0.0,n/a,n/a,,,,,,,,,,,,,,,,,,,,,,,,,,,,42,BMU-20220530,BMU,Bermuda (UK),60,BM,BMU,GBR,21,Northern America,21,Northern America,19,Americas,3,Non-self-governing territory,2021/05/28,2022/05/30,intl,,,,61941
Bhutan,2020,WorldBank,100.0,0,100.0,0,100.0,0,,80.0,68.0,97.0,0.9,3.3,0.076,0.053,0.023,0.666,71.8,5.2,"9,438",2%,-3%,0,0,0.014,0.073,539,1294,0.046,1.035,0.05,0.03,0.02,0.02,0.004,-0.001,0,0,0.074,0.041,47,BTN-20220530,BTN,Bhutan,64,BT,BTN,BTN,34,Southern Asia,34,Southern Asia,142,Asia,1,State,2021/05/28,2022/05/30,intl,237282,208020,0.5328563537,787944
Bi'r Tawīl,,,,,,,,,,,,,,,,,,,,,,,,,,,,,,,,,,,,,,,,,,302,XMS-20220530,XMS,,931,QQ,XMS,EGY,15,Northern Africa,15,Northern Africa,2,Africa,99,Sovereignty unsettled,2021/05/28,2022/05/30,intl,,,0,5229
Bolivia,2020,EH,,,,,,,,,,,,6.6,0.000,0.000,0.000,,,,,0%,0%,0,0.001,0.01,0,1,1.4210854715202E-011,0.02,0.14,0,0,0,0,0,0,0,0,0,0,,,,,,,,,,,,,,,,,,,,,,,
Bolivia (Plurinational State of),2020,WorldBank,97.6,"285,508",100.0,0,91.8,"285,508",,86.0,59.0,99.0,3.1,,,,,0.692,63.6,9.8,"8,111",,,,,,,,,,,,,,,,,,,,,43,BOL-20220530,BOL,Bolivia (Plurinational State of),68,BO,BOL,BOL,5,South America,419,Latin America and the Caribbean,19,Americas,1,State,2021/05/28,2022/05/30,intl,4852875,1343391,0.7831934588,11992653
"Bonaire, Sint Eustatius and Saba",,,,,,,,,,,,,,,,,,,,,,,,,,,,,,,,,,,,,,,,,,30,BES_1-20220530,BES_1,Bonaire (Neth.),535,BQ,BES,NLD,29,Caribbean,419,Latin America and the Caribbean,19,Americas,5,Territory/Self-governing territory,2021/05/28,2022/05/30,intl,,,,19859
Bosnia and Herzegovina,2020,WorldBank,100.0,0,100.0,0,100.0,0,,45.0,17.0,67.0,0.1,n/a,0.000,0.000,0.000,0.78,75.3,10.5,"15,242",0%,0%,0,0,0,0.02,0,2,0.01,0.25,0,0,0,0,0,0,0,0,0,0,38,BIH-20220530,BIH,Bosnia and Herzegovina,70,BA,BIH,BIH,39,Southern Europe,39,Southern Europe,150,Europe,1,State,2021/05/28,2022/05/30,intl,,,,3249305
Botswana,2020,WorldBank,72.0,"658,578",90.7,"154,401",26.4,"504,177",,65.0,25.0,86.0,15.4,20.8,0.153,0.108,0.045,0.693,61.1,10.3,"16,198",-2%,-8%,0,-0.003,0.15,1.21,457,798,0.47,13.6,0.07,0.01,0.03,0.01,0.008,-0.001,0.01,0,0.101,0.018,49,BWA-20220530,BWA,Botswana,72,BW,BWA,BWA,18,Southern Africa,202,Sub-Saharan Africa,2,Africa,1,State,2021/05/28,2022/05/30,intl,871181,435459,0.6667337599,2441152
Bouvet Island,,,,,,,,,,,,,,,,,,,,,,,,,,,,,,,,,,,,,,,,,,48,BVT-20220530,BVT,Bouvet Island (Nor.),74,BV,BVT,NOR,5,South America,419,Latin America and the Caribbean,19,Americas,5,Territory/Self-governing territory,2021/05/28,2022/05/30,intl,,,,0
Brazil,2020,WorldBank,100.0,0,100.0,0,100.0,0,,96.0,79.0,99.0,1.9,6.1,1.242,0.521,0.721,0.754,72.8,8.1,"14,370",-1%,-1%,-0.02,-0.028,6,35,-350,260.0000000002,20,461,0.44,0.56,0.4,0.59,0.065,-0.002,0.04,0,0.833,1.142,44,BRA-20220530,BRA,Brazil,76,BR,BRA,BRA,5,South America,419,Latin America and the Caribbean,19,Americas,1,State,2021/05/28,2022/05/30,intl,,,,215353589
British Indian Ocean Territory,,,,,,,,,,,,,,,,,,,,,,,,,,,,,,,,,,,,,,,,,,120,IOT-20220530,IOT,British Indian Ocean Territory,86,IO,IOT,GBR,14,Eastern Africa,202,Sub-Saharan Africa,2,Africa,5,Territory/Self-governing territory,2021/05/28,2022/05/30,intl,,,,0
British Virgin Islands,2020,WorldBank,100.0,0,100.0,0,100.0,0,,0.0,0.0,0.0,n/a,n/a,,,,,,,,,,,,,,,,,,,,,,,,,,,,270,VGB-20220530,VGB,British Virgin Islands (UK),92,VG,VGB,GBR,29,Caribbean,419,Latin America and the Caribbean,19,Americas,3,Non-self-governing territory,2021/05/28,2022/05/30,intl,,,,30606
Brunei Darussalam,2020,WorldBank,100.0,0,100.0,0,100.0,0,,100.0,100.0,100.0,n/a,n/a,0.001,0.000,0.000,0.829,74.6,9.2,"64,490",0%,0%,0,0,0.02,0.07,0,1,0.05,0.96,0,0,0,0,0,0,0,0,0.0003,0.0003,46,BRN-20220530,BRN,Brunei Darussalam,96,BN,BRN,BRN,35,South-eastern Asia,35,South-eastern Asia,142,Asia,1,State,2021/05/28,2022/05/30,intl,4731,26,,445429
Bulgaria,2020,WorldBank,99.7,"20,782",99.8,"10,486",100.0,0,,0.0,0.0,0.0,0.9,1.4,0.027,0.014,0.013,0.795,71.8,11.4,"23,079",0%,0%,0,0,0.1,0.23,3,-5,0.34,4.6,0.01,0.02,0.01,0.03,0.001,0.001,0,0,0.021,0.055,35,BGR-20220530,BGR,Bulgaria,100,BG,BGR,BGR,151,Eastern Europe,151,Eastern Europe,150,Europe,1,State,2021/05/28,2022/05/30,intl,,,,6844597
Burkina Faso,2020,WorldBank,19.0,"16,940,594",65.8,"2,191,019",0.0,0,,11.0,1.0,35.0,30.5,60.4,3.436,3.436,0.000,0.449,59.3,2.1,"2,118",-10%,-92%,-0.023,-0.392,0.53,11,19159,57902.9999999999,1.56,90.76,3.02,3.3,0,0.01,0.36,-0.046,0,0,3.016,3.311,33,BFA-20220530,BFA,Burkina Faso,854,BF,BFA,BFA,11,Western Africa,202,Sub-Saharan Africa,2,Africa,1,State,2021/05/28,2022/05/30,intl,3503294,6934669,0.3356300458,22102838
Burundi,2020,WorldBank,11.7,"10,495,332",63.7,"592,037",3.5,"9,903,295",,0.0,0.0,0.0,65.1,85.2,3.537,3.452,0.085,0.426,61.7,3.1,732,-63%,-623%,-0.1,-1.65,0.081,1.69,7716,60179,0.239,13.186,3.09,8.28,0.08,0.2,0.374,0.204,0.01,0,3.168,8.472,27,BDI-20220530,BDI,Burundi,108,BI,BDI,BDI,14,Eastern Africa,202,Sub-Saharan Africa,2,Africa,1,State,2021/05/28,2022/05/30,intl,980268,5247312,0.1574075323,12624848
Cabo Verde,2020,WorldBank,94.2,"32,460",94.5,"20,434",93.5,"12,026",,81.0,50.0,94.0,4.6,7.6,0.016,0.009,0.007,0.662,74.1,6.3,"6,230",0%,-2%,0,0,0.006,0.04,36,98,0.019,0.488,0.01,0,0.01,0,0.001,0,0,0,0.0114,0.0037,64,CPV-20220530,CPV,Cabo Verde,132,CV,CPV,CPV,11,Western Africa,202,Sub-Saharan Africa,2,Africa,1,State,2021/05/28,2022/05/30,intl,258728,40806,0.8637683869,567676
Cambodia,2020,WorldBank,86.4,"2,273,780",97.3,"109,386",82.9,"2,164,394",,37.0,25.0,70.0,n/a,n/a,2.711,2.322,0.389,0.593,69.6,5.1,"4,079",5%,-24%,0.012,-0.05,0.37,6.8,11795,40187,1.07,61.34,1.74,1.09,0.31,0.34,0.214,-0.037,0.05,0,2.049,1.426,134,KHM-20220530,KHM,Cambodia,116,KH,KHM,KHM,35,South-eastern Asia,35,South-eastern Asia,142,Asia,1,State,2021/05/28,2022/05/30,intl,4192952,4813882,0.4655300631,17168642
Cameroon,2020,WorldBank,64.7,"9,365,018",94.0,"912,722",25.0,"8,452,296",,22.0,2.0,38.0,25.7,37.5,3.622,2.935,0.687,0.576,60.3,6.2,"3,621",-9%,-146%,-0.027,-0.782,0.89,15.1,26323,103613,2.54,132.88,2.42,3.24,0.62,1.13,0.3,0.01,0.08,0.02,3.033,4.373,57,CMR-20220530,CMR,Cameroon,120,CM,CMR,CMR,17,Middle Africa,202,Sub-Saharan Africa,2,Africa,1,State,2021/05/28,2022/05/30,intl,6852543,6613385,0.5088801158,27911541
Canada,2020,WorldBank,100.0,0,100.0,0,100.0,0,,100.0,100.0,100.0,0.2,n/a,0.032,0.015,0.017,0.936,82.7,13.8,"46,808",0%,0%,0,-0.001,1,4,-1,-71,2,45,0.01,0.03,0.02,0.03,0.001,0.005,0,0,0.029,0.06,51,CAN-20220530,CAN,Canada,124,CA,CAN,CAN,21,Northern America,21,Northern America,19,Americas,1,State,2021/05/28,2022/05/30,intl,,,,38388406
Cayman Islands,2020,WorldBank,100.0,0,100.0,0,100.0,0,,0.0,0.0,0.0,n/a,n/a,,,,,,,,,,,,,,,,,,,,,,,,,,,,69,CYM-20220530,CYM,Cayman Islands (UK),136,KY,CYM,GBR,29,Caribbean,419,Latin America and the Caribbean,19,Americas,3,Non-self-governing territory,2021/05/28,2022/05/30,intl,,,,67280
Central African Republic,2020,WorldBank,15.5,"4,082,837",33.6,"1,354,030",2.3,"2,728,807",,1.0,0.0,2.0,61.9,n/a,1.627,1.421,0.206,0.404,53.9,4.3,966,3%,-181%,0.002,-0.161,-0.001,0.387,6264,28876,-0.009,2.632,1.25,1.83,0.19,0.24,0.133,0.019,0.02,0,1.443,2.065,50,CAF-20220530,CAF,Central African Republic,140,CF,CAF,CAF,17,Middle Africa,202,Sub-Saharan Africa,2,Africa,1,State,2021/05/28,2022/05/30,intl,683493,2142313,0.2418754154,5016678
Chad,2020,WorldBank,11.1,"14,605,855",40.6,"2,293,892",2.0,"12,311,962",,7.0,0.0,29.0,30.9,79.3,5.253,4.874,0.379,0.394,52.5,2.6,"1,364",-8%,-318%,-0.012,-1.282,0.38,11.05,34761,167925,1.01,82.74,4.28,8.33,0.35,0.6,0.544,0.15,0.04,0.01,4.628,8.926,238,TCD-20220530,TCD,Chad,148,TD,TCD,TCD,17,Middle Africa,202,Sub-Saharan Africa,2,Africa,1,State,2021/05/28,2022/05/30,intl,1267251,6939729,0.1544113669,17413573
Chile,2020,WorldBank,100.0,0,100.0,0,100.0,0,,100.0,100.0,100.0,0.7,1,0.040,0.017,0.023,0.855,78.9,10.9,"24,563",0%,0%,0,0,0.4,1.7,-26,-81,1.3,24.6,0.02,0.02,0.01,0,0.001,0,0,0,0.026,0.019,54,CHL-20220530,CHL,Chile,152,CL,CHL,CHL,5,South America,419,Latin America and the Caribbean,19,Americas,1,State,2021/05/28,2022/05/30,intl,,,,19250190
China,2020,WorldBank,100.0,0,100.0,0,100.0,0,,79.0,65.0,89.0,0.1,n/a,0.000,0.000,0.000,0.768,78.2,7.6,"17,504",0%,0%,0,0,0,16,0,1000,0,106,0,0.58,0,0.19,0,0.082,0,0.01,0,0.776,55,CHN-20220530,CHN,China,156,CN,CHN,CHN,30,Eastern Asia,30,Eastern Asia,142,Asia,1,State,2021/05/28,2022/05/30,intl,,,,1448471402
Christmas Island,,,,,,,,,,,,,,,,,,,,,,,,,,,,,,,,,,,,,,,,,,68,CXR-20220530,CXR,Christmas Island (Aust.),162,CX,CXR,AUS,53,Australia and New Zealand,53,Australia and New Zealand,9,Oceania,5,Territory/Self-governing territory,2021/05/28,2022/05/30,intl,,,,1995
Chumar,,,,,,,,,,,,,,,,,,,,,,,,,,,,,,,,,,,,,,,,,,280,XCH-20220530,XCH,,906,XF,XCH,XCH,34,Southern Asia,34,Southern Asia,142,Asia,99,Sovereignty unsettled,2021/05/28,2022/05/30,intl,,,,12
Chumar East,,,,,,,,,,,,,,,,,,,,,,,,,,,,,,,,,,,,,,,,,,279,XCE-20220530,XCE,,905,XE,XCE,XCE,34,Southern Asia,34,Southern Asia,142,Asia,99,Sovereignty unsettled,2021/05/28,2022/05/30,intl,,,,17
Clipperton Island,,,,,,,,,,,,,,,,,,,,,,,,,,,,,,,,,,,,,,,,,,63,CPT-20220530,CPT,Clipperton Island (Fr.),900,CP,CPT,FRA,61,Polynesia,61,Polynesia,9,Oceania,5,Territory/Self-governing territory,2021/05/28,2022/05/30,intl,,,,0
Cocos (Keeling) Islands,,,,,,,,,,,,,,,,,,,,,,,,,,,,,,,,,,,,,,,,,,52,CCK-20220530,CCK,Cocos (Keeling) Islands (Aust.),166,CC,CCK,AUS,53,Australia and New Zealand,53,Australia and New Zealand,9,Oceania,5,Territory/Self-governing territory,2021/05/28,2022/05/30,intl,,,,461
Colombia,2020,WorldBank,100.0,0,100.0,0,100.0,0,,93.0,66.0,99.0,10.8,5.9,0.237,0.124,0.113,0.752,72.8,8.9,"14,384",0%,-1%,-0.001,-0.005,0.7,4.3,782,2824.9999999999,2.3,54.7,0.11,0.18,0.07,0.08,0.014,0,0,0,0.18,0.261,61,COL-20220530,COL,Colombia,170,CO,COL,COL,5,South America,419,Latin America and the Caribbean,19,Americas,1,State,2021/05/28,2022/05/30,intl,23371671,4502885,0.8384589516,51512743
Comoros,2020,WorldBank,86.7,"115,333",99.7,719,81.3,"114,615",,8.0,3.0,17.0,18.6,26.3,0.208,0.182,0.026,0.558,63.4,5.1,"3,142",-9%,-106%,0,-0.017,0.019,0.33,536,2368,0.056,2.873,0.16,0.19,0.02,0.03,0.019,-0.003,0,0,0.18,0.218,62,COM-20220530,COM,Comoros,174,KM,COM,COM,14,Eastern Africa,202,Sub-Saharan Africa,2,Africa,1,State,2021/05/28,2022/05/30,intl,203587,253185,0.4457081432,907411
Congo,2020,WorldBank,49.5,"2,785,693",66.0,"1,272,385",14.8,"1,513,308",,35.0,4.0,49.0,35.4,41.6,0.458,0.430,0.028,0.571,63.5,6.2,"2,889",9%,-16%,0.006,-0.017,0.13,1.98,2980,6238,0.35,18.6,0.3,0.11,0.02,0,0.035,-0.007,0,0,0.323,0.106,59,COG-20220530,COG,Congo,178,CG,COG,COG,17,Middle Africa,202,Sub-Saharan Africa,2,Africa,1,State,2021/05/28,2022/05/30,intl,1805274,830572,0.6848935788,5797800
Congo (Democratic Republic of the),,,,,,,,,,,,,,,,,,0.479,59.2,7,"1,076",,,,,,,,,,,,,,,,,,,,,,,,,,,,,,,,,,,,,,,,,,,
Congo River,,,,,,,,,,,,,,,,,,,,,,,,,,,,,,,,,,,,,,,,,,281,XCR-20220530,XCR,,907,XG,XCR,XCR,17,Middle Africa,202,Sub-Saharan Africa,2,Africa,99,Sovereignty unsettled,2021/05/28,2022/05/30,intl,485,10852,0.042780277,17792
"Congo, Dem. Republic of the",,"IFS, Pardee",,,,,,,,,,,,,13.627,11.920,1.707,,,,,-63%,-219%,-0.75,-4.403,1.52,74.6,101540,403800,4.07,495.97,10.92,16.48,1.59,1.8,1.278,0.005,0.2,0.13,12.509,18.279,,,,,,,,,,,,,,,,,,,,,,,
Cook Islands,2020,WorldBank,100.0,0,100.0,0,0.0,0,,76.0,35.0,97.0,n/a,n/a,,,,,,,,,,,,,,,,,,,,,,,,,,,,60,COK-20220530,COK,Cook Islands (NZ),184,CK,COK,NZL,61,Polynesia,61,Polynesia,9,Oceania,5,Territory/Self-governing territory,2021/05/28,2022/05/30,intl,,,,17564
Costa Rica,2020,WorldBank,99.9,"5,094",99.9,"2,469",99.7,"2,625",,96.0,88.0,98.0,2.2,2.3,0.000,0.000,0.000,0.809,77,8.8,"19,974",0%,0%,0,0,0.03,0.1,0,0,0.08,1.35,0,0,0,0,0,0,0,0,0,0,65,CRI-20220530,CRI,Costa Rica,188,CR,CRI,CRI,13,Central America,419,Latin America and the Caribbean,19,Americas,1,State,2021/05/28,2022/05/30,intl,,,,5182355
Cote D'Ivoire,,"IFS, Pardee",,,,,,,,,,,,,1.603,1.484,0.119,,,,,-2%,-25%,-0.006,-0.128,0.9,14.3,18989,47674.0000000002,2.68,131.58,1.14,1.06,0.09,0.03,0.157,-0.022,0.01,0,1.229,1.087,,,,,,,,,,,,,,,,,,,,,,,
Croatia,2020,WorldBank,100.0,0,100.0,0,100.0,0,,100.0,100.0,100.0,0.3,0.6,0.001,0.001,0.000,0.858,77.6,12.2,"30,132",0%,0%,0,0,0.02,0.1,0,0,0.07,1.11,0,0,0,0,0,0,0,0,0,0,114,HRV-20220530,HRV,Croatia,191,HR,HRV,HRV,39,Southern Europe,39,Southern Europe,150,Europe,1,State,2021/05/28,2022/05/30,intl,,,,4059284
Cuba,2020,WorldBank,100.0,0,100.0,0,100.0,0,,94.0,87.0,97.0,n/a,n/a,0.132,0.065,0.067,0.764,73.7,12.5,"7,879",-1%,-1%,-0.002,-0.001,0.28,1.2,-192,50.0000000001,0.87,16.65,0.06,0.07,0.05,0.03,0.003,0.004,0,0.01,0.112,0.097,66,CUB-20220530,CUB,Cuba,192,CU,CUB,CUB,29,Caribbean,419,Latin America and the Caribbean,19,Americas,1,State,2021/05/28,2022/05/30,intl,,,,11305650
Curaçao,2020,WorldBank,100.0,0,100.0,0,100.0,0,,0.0,0.0,0.0,n/a,n/a,,,,,,,,,,,,,,,,,,,,,,,,,,,,67,CUW-20220530,CUW,Curaçao (Neth.),531,CW,CUW,NLD,29,Caribbean,419,Latin America and the Caribbean,19,Americas,5,Territory/Self-governing territory,2021/05/28,2022/05/30,intl,,,,165531
Cyprus,2020,WorldBank,100.0,0,100.0,0,100.0,0,,100.0,100.0,100.0,0.2,1.2,0.000,0.000,0.000,0.896,81.2,12.4,"38,188",0%,0%,0,0,0.02,0.01,0,0,0.05,0.53,0,0,0,0,0,0,0,0,0,0,70,CYP-20220530,CYP,Cyprus,196,CY,CYP,CYP,145,Western Asia,145,Western Asia,142,Asia,1,State,2021/05/28,2022/05/30,intl,,,,1223390
Czech Republic,,"IFS, Pardee",,,,,,,,,,,,,0.016,0.007,0.009,,,,,0%,0%,0,0,0.1,0.4,-2,-15,0.4,5.6,0.01,0.04,0.01,0.04,0,0.002,0,0,0.013,0.08,,,,,,,,,,,,,,,,,,,,,,,
Czechia,2020,WorldBank,100.0,0,100.0,0,100.0,0,,100.0,100.0,100.0,0,0,,,,0.889,77.7,12.9,"38,745",,,,,,,,,,,,,,,,,,,,,71,CZE-20220530,CZE,Czechia,203,CZ,CZE,CZE,151,Eastern Europe,151,Eastern Europe,150,Europe,1,State,2021/05/28,2022/05/30,intl,,,,10735840
Côte d'Ivoire,,,,,,,,,,,,,,,,,,0.55,58.6,5.2,"5,217",,,,,,,,,,,,,,,,,,,,,56,CIV-20220530,CIV,Côte d'Ivoire,384,CI,CIV,CIV,11,Western Africa,202,Sub-Saharan Africa,2,Africa,1,State,2021/05/28,2022/05/30,intl,9015039,4000134,0.6926561022,27742303
Côte d’Ivoire,2020,WorldBank,69.7,"7,998,124",94.5,"754,163",43.1,"7,243,962",,32.0,1.0,62.0,11.4,37.3,,,,,,,,,,,,,,,,,,,,,,,,,,,,,,,,,,,,,,,,,,,,,,,,,,
Demchok,,,,,,,,,,,,,,,,,,,,,,,,,,,,,,,,,,,,,,,,,,282,XDE-20220530,XDE,,908,XH,XDE,XDE,34,Southern Asia,34,Southern Asia,142,Asia,99,Sovereignty unsettled,2021/05/28,2022/05/30,intl,,,,992
Democratic People's Republic of Korea,2020,WorldBank,52.3,"12,293,003",43.3,"9,110,664",67.2,"3,182,338",,12.0,1.0,18.0,n/a,0.1,,,,,,,,,,,,,,,,,,,,,,,,,,,,196,PRK-20220530,PRK,Democratic People's Republic of Korea,408,KP,PRK,PRK,30,Eastern Asia,30,Eastern Asia,142,Asia,1,State,2021/05/28,2022/05/30,intl,,,,25990669
Democratic Republic of the Congo,2020,WorldBank,19.1,"72,455,176",40.7,"24,254,680",1.0,"48,200,496",,4.0,0.0,8.0,69.7,78.3,,,,,,,,,,,,,,,,,,,,,,,,,,,,58,COD-20220530,COD,Democratic Republic of the Congo,180,CD,COD,COD,17,Middle Africa,202,Sub-Saharan Africa,2,Africa,1,State,2021/05/28,2022/05/30,intl,11975405,33180023,0.2652041079,95240783
Denmark,2020,WorldBank,100.0,0,100.0,0,100.0,0,,100.0,100.0,100.0,0.3,0.9,0.000,0.000,0.000,0.948,81.4,13,"60,365",0%,0%,0,0,0,0.1,0,-4,0,1.8,0,0,0,0,0,0,0,0,0,0,75,DNK-20220530,DNK,Denmark,208,DK,DNK,DNK,154,Northern Europe,154,Northern Europe,150,Europe,1,State,2021/05/28,2022/05/30,intl,,,,5834948
Djibouti,2020,WorldBank,61.8,"377,742",72.2,"214,735",24.8,"163,007",,10.0,0.0,12.0,19.1,29.3,0.035,0.035,0.000,0.509,62.3,4.1,"5,025",-1%,-2%,0,0,0.008,0.098,56,148,0.026,1.047,0.03,0.02,0,0,0.003,-0.001,0,0,0.026,0.0229,73,DJI-20220530,DJI,Djibouti,262,DJ,DJI,DJI,14,Eastern Africa,202,Sub-Saharan Africa,2,Africa,1,State,2021/05/28,2022/05/30,intl,308392,64858,0.8262344273,1016099
Dominica,2020,WorldBank,100.0,0,0.0,0,0.0,0,,89.0,82.0,96.0,n/a,n/a,,,,0.72,72.8,8.1,"11,488",,,,,,,,,,,,,,,,,,,,,74,DMA-20220530,DMA,Dominica,212,DM,DMA,DMA,29,Caribbean,419,Latin America and the Caribbean,19,Americas,1,State,2021/05/28,2022/05/30,intl,,,,72337
Dominican Republic,2020,WorldBank,100.0,0,100.0,0,100.0,0,,92.0,76.0,96.0,1.1,2.9,0.035,0.021,0.014,0.767,72.6,9.3,"17,990",0%,0%,0,0,0.2,0.7,0,-3,0.6,10.1,0.02,0.02,0,0,0.002,0,0,0,0.021,0.014,76,DOM-20220530,DOM,Dominican Republic,214,DO,DOM,DOM,29,Caribbean,419,Latin America and the Caribbean,19,Americas,1,State,2021/05/28,2022/05/30,intl,5801728,272805,0.9550903748,11056366
Doumeira Islands,,,,,,,,,,,,,,,,,,,,,,,,,,,,,,,,,,,,,,,,,,283,XDI-20220530,XDI,,909,XI,XDI,XDI,14,Eastern Africa,202,Sub-Saharan Africa,2,Africa,99,Sovereignty unsettled,2021/05/28,2022/05/30,intl,,,0,0
Dramana-Shakatoe,,,,,,,,,,,,,,,,,,,,,,,,,,,,,,,,,,,,,,,,,,284,XDS-20220530,XDS,,910,XJ,XDS,XDS,34,Southern Asia,34,Southern Asia,142,Asia,99,Sovereignty unsettled,2021/05/28,2022/05/30,intl,,,,44
Ecuador,2020,WorldBank,98.9,"202,895",99.7,"38,491",97.4,"164,404",,94.0,85.0,99.0,6.5,6.9,0.406,0.218,0.188,0.74,73.7,8.8,"10,312",-1%,-1%,-0.001,-0.002,0.2,1.6,-9,17,0.63,19.13,0.15,-0.01,0.14,0.17,0.013,0,0.02,0,0.287,0.164,78,ECU-20220530,ECU,Ecuador,218,EC,ECU,ECU,5,South America,419,Latin America and the Caribbean,19,Americas,1,State,2021/05/28,2022/05/30,intl,8660863,647237,0.9304651862,18113383
Egypt,2020,WorldBank,100.0,0,100.0,0,100.0,0,,100.0,100.0,100.0,2.5,3.5,0.626,0.439,0.187,0.731,70.2,9.6,"11,732",-2%,-2%,-0.025,-0.027,1.7,9,450,2570.0000000004,4.9,113.3,0.3,0.24,0.14,0.15,0.029,-0.011,0.01,0,0.436,0.393,79,EGY-20220530,EGY,Egypt,818,EG,EGY,EGY,15,Northern Africa,15,Northern Africa,2,Africa,1,State,2021/05/28,2022/05/30,intl,52176295,627820,0.9881103963,106156696
El Salvador,2020,WorldBank,100.0,0,100.0,0,100.0,0,,92.0,81.0,97.0,1.4,4.4,0.000,0.000,0.000,0.675,70.7,7.2,"8,296",0%,0%,0,0,0.01,0.01,0,0,0.01,0.24,0,0,0,0,0,0,0,0,0,0,222,SLV-20220530,SLV,El Salvador,222,SV,SLV,SLV,13,Central America,419,Latin America and the Caribbean,19,Americas,1,State,2021/05/28,2022/05/30,intl,2390300,530784,0.8182921135,6550396
Equatorial Guinea,2020,WorldBank,66.7,"466,524",91.0,"92,641",0.9,"373,883",,24.0,4.0,33.0,n/a,n/a,0.148,0.126,0.022,0.596,60.6,5.9,"12,074",-1%,-8%,-0.001,-0.002,0.12,1.76,654,4152,0.35,17.22,0.09,0.08,0.02,0.01,0.01,-0.001,0,0,0.104,0.097,103,GNQ-20220530,GNQ,Equatorial Guinea,226,GQ,GNQ,GNQ,17,Middle Africa,202,Sub-Saharan Africa,2,Africa,1,State,2021/05/28,2022/05/30,intl,155708,130569,0.5439067756,1496672
Eritrea,2020,WorldBank,52.2,"1,649,481",76.3,"288,205",39.0,"1,361,276",,9.0,1.0,20.0,n/a,n/a,1.615,1.356,0.259,0.492,66.5,4.9,"1,729",-15%,-35%,-0.005,-0.02,0.058,3,1807,6723,0.163,20.721,1.11,0.9,0.23,0.16,0.148,-0.039,0.03,0,1.339,1.055,80,ERI-20220530,ERI,Eritrea,232,ER,ERI,ERI,14,Eastern Africa,202,Sub-Saharan Africa,2,Africa,1,State,2021/05/28,2022/05/30,intl,625314,3531949,0.1504148282,3662251
Estonia,2020,WorldBank,100.0,0,100.0,0,100.0,0,,100.0,100.0,100.0,0.6,0.8,0.000,0.000,0.000,0.89,77.1,13.5,"38,048",0%,0%,0,0,0.01,0.01,0,-1,0.04,0.42,0,0,0,0,0,0,0,0,0,0,85,EST-20220530,EST,Estonia,233,EE,EST,EST,154,Northern Europe,154,Northern Europe,150,Europe,1,State,2021/05/28,2022/05/30,intl,,,,1322002
Eswatini,2020,WorldBank,79.7,"235,159",92.2,"21,877",75.8,"213,283",,55.0,41.0,89.0,36.1,40.8,0.115,0.104,0.011,,,,,-5%,-41%,-0.001,-0.006,0.064,0.95,724,1864,0.192,8.819,0.08,0.07,0.01,0.01,0.01,-0.001,0,0,0.0886,0.0813,233,SWZ-20220530,SWZ,Eswatini,748,SZ,SWZ,SWZ,18,Southern Africa,202,Sub-Saharan Africa,2,Africa,1,State,2021/05/28,2022/05/30,intl,442593,266538,0.6241343278,1184822
Eswatini (Kingdom of),,,,,,,,,,,,,,,,,,0.597,57.1,5.6,"7,679",,,,,,,,,,,,,,,,,,,,,,,,,,,,,,,,,,,,,,,,,,,
Ethiopia,2020,WorldBank,51.1,"56,224,110",93.2,"1,684,059",39.4,"54,540,051",,8.0,0.0,29.0,27,72.7,27.722,25.290,2.432,0.498,65,3.2,"2,361",-28%,-37%,-0.41,-0.792,3,90.6,81529.9999999999,343560,8.94,682.44,22.17,21.37,2.25,3.38,2.493,-0.458,0.3,0.02,24.426,24.747,86,ETH-20220530,ETH,Ethiopia,231,ET,ETH,ETH,14,Eastern Africa,202,Sub-Saharan Africa,2,Africa,1,State,2021/05/28,2022/05/30,intl,17256816,48134270,0.2639016578,120812697
Falkland Islands (Malvinas),,,,,,,,,,,,,,,,,,,,,,,,,,,,,,,,,,,,,,,,,,89,FLK-20220530,FLK,Falkland Islands (Malvinas),238,FK,FLK,GBR,5,South America,419,Latin America and the Caribbean,19,Americas,3,Non-self-governing territory,2021/05/28,2022/05/30,intl,,,,3534
Faroe Islands,2020,WorldBank,100.0,0,100.0,0,100.0,0,,0.0,0.0,0.0,n/a,n/a,,,,,,,,,,,,,,,,,,,,,,,,,,,,91,FRO-20220530,FRO,Faroe Islands (Den.),234,FO,FRO,DNK,154,Northern Europe,154,Northern Europe,150,Europe,5,Territory/Self-governing territory,2021/05/28,2022/05/30,intl,,,,49230
Fiji,2020,WorldBank,100.0,0,100.0,0,100.0,0,,51.0,28.0,70.0,1.3,1.6,0.007,0.007,0.000,0.73,67.1,10.9,"9,980",0%,0%,0,0,0.006,0.02,69,146,0.018,0.385,0.01,0,0,0,0.001,0,0,0,0.0056,0.0015,88,FJI-20220530,FJI,Fiji,242,FJ,FJI,FJI,54,Melanesia,54,Melanesia,9,Oceania,1,State,2021/05/28,2022/05/30,intl,,,,909457
Finland,2020,WorldBank,100.0,0,100.0,0,100.0,0,,100.0,100.0,100.0,0,1,0.017,0.007,0.010,0.94,82,12.9,"49,452",0%,0%,0,0,0.2,0.8,-1,-6,0.7,11.4,0.01,0.03,0.01,0.06,0.001,0.001,0,0,0.013,0.094,87,FIN-20220530,FIN,Finland,246,FI,FIN,FIN,154,Northern Europe,154,Northern Europe,150,Europe,1,State,2021/05/28,2022/05/30,intl,,,,5554953
France,2020,WorldBank,100.0,0,100.0,0,100.0,0,,100.0,100.0,100.0,0,1.7,0.298,0.196,0.102,0.903,82.5,11.6,"45,937",0%,0%,0,0,2,7,10,-100.0000000001,7,93,0.17,0.62,0.06,0.52,0.021,0.021,0,0.02,0.237,1.14,90,FRA-20220530,FRA,France,250,FR,FRA,FRA,155,Western Europe,155,Western Europe,150,Europe,1,State,2021/05/28,2022/05/30,intl,,,,65584513
French Guiana,,,,,,,,,,,,,,,,,,,,,,,,,,,,,,,,,,,,,,,,,,108,GUF-20220530,GUF,French Guiana (Fr.),254,GF,GUF,FRA,5,South America,419,Latin America and the Caribbean,19,Americas,5,Territory/Self-governing territory,2021/05/28,2022/05/30,intl,,,,314170
French Polynesia,2020,WorldBank,100.0,0,100.0,0,100.0,0,,0.0,0.0,0.0,n/a,n/a,,,,,,,,,,,,,,,,,,,,,,,,,,,,203,PYF-20220530,PYF,French Polynesia (Fr.),258,PF,PYF,FRA,61,Polynesia,61,Polynesia,9,Oceania,3,Non-self-governing territory,2021/05/28,2022/05/30,intl,,,,284160
French Southern Territories,,,,,,,,,,,,,,,,,,,,,,,,,,,,,,,,,,,,,,,,,,13,ATF_1-20220530,ATF_1,Kerguelen Islands (Fr.),260,TF,ATF,FRA,14,Eastern Africa,202,Sub-Saharan Africa,2,Africa,5,Territory/Self-governing territory,2021/05/28,2022/05/30,intl,,,,0
Gabon,2020,WorldBank,91.6,"187,594",98.6,"28,294",27.8,"159,300",,88.0,46.0,94.0,2.5,8.4,0.078,0.022,0.056,0.706,65.8,9.4,"13,367",0%,-3%,-0.001,-0.001,0.14,1.52,430,1497,0.42,15.4,0.02,0.02,0.05,0.06,0.003,0,0.01,0,0.064,0.081,93,GAB-20220530,GAB,Gabon,266,GA,GAB,GAB,17,Middle Africa,202,Sub-Saharan Africa,2,Africa,1,State,2021/05/28,2022/05/30,intl,487623,191646,0.7178643512,2331533
Gambia,2020,WorldBank,62.3,"911,733",80.6,"292,877",31.6,"618,856",,2.0,0.0,2.0,13.4,18.3,0.194,0.150,0.044,0.5,62.1,4.6,"2,172",1%,-10%,0,-0.005,0.021,0.53,1234,3781,0.058,4.274,0.11,0.11,0.03,0.04,0.015,-0.002,0.01,0,0.149,0.148,101,GMB-20220530,GMB,Gambia,270,GM,GMB,GMB,11,Western Africa,202,Sub-Saharan Africa,2,Africa,1,State,2021/05/28,2022/05/30,intl,723577,430202,0.627136566,2558493
Georgia,2020,WorldBank,100.0,0,100.0,0,100.0,0,,89.0,79.0,97.0,5.8,5.8,0.000,0.000,0.000,0.802,71.7,12.8,"14,664",0%,0%,0,0,0.02,0.03,0,8,0.04,0.5,0,0,0,0,0,0,0,0,0,0,95,GEO_1-20220530,GEO_1,Georgia,268,GE,GEO,GEO,145,Western Asia,145,Western Asia,142,Asia,1,State,2021/05/28,2022/05/30,intl,,,,3968729
Germany,2020,WorldBank,100.0,0,100.0,0,100.0,0,,100.0,100.0,100.0,0,0.2,0.068,0.030,0.038,0.942,80.6,14.1,"54,534",0%,0%,0.001,0,0,2,0,-50,0,26,0.02,0.11,0.03,0.09,0.006,0.002,0,0,0.046,0.197,72,DEU-20220530,DEU,Germany,276,DE,DEU,DEU,155,Western Europe,155,Western Europe,150,Europe,1,State,2021/05/28,2022/05/30,intl,,,,83883314
Ghana,2020,WorldBank,85.9,"4,389,504",94.7,"942,594",74.0,"3,446,910",,22.0,9.0,34.0,25.3,32.9,1.660,1.329,0.331,0.632,63.8,8.3,"5,745",2%,-2%,0.007,-0.008,0.1,3,7461,19390.0000000001,0.39,26.49,0.99,0.24,0.26,0.24,0.122,-0.042,0.04,0,1.246,0.475,97,GHA-20220530,GHA,Ghana,288,GH,GHA,GHA,11,Western Africa,202,Sub-Saharan Africa,2,Africa,1,State,2021/05/28,2022/05/30,intl,12966000,2917020,0.8163434914,32395456
Gibraltar,2020,WorldBank,100.0,0,100.0,0,100.0,0,,0.0,0.0,0.0,n/a,n/a,,,,,,,,,,,,,,,,,,,,,,,,,,,,98,GIB-20220530,GIB,Gibraltar (UK),292,GI,GIB,GBR,39,Southern Europe,39,Southern Europe,150,Europe,3,Non-self-governing territory,2021/05/28,2022/05/30,intl,,,,33714
Greece,2020,WorldBank,100.0,0,100.0,0,100.0,0,,100.0,100.0,100.0,0.7,3,0.027,0.018,0.009,0.887,80.1,11.4,"29,002",0%,0%,0,0,0.2,0.8,-3,-34.0000000001,0.6,8.9,0.02,0.07,0.01,0.13,0.002,0.002,0,0,0.023,0.195,104,GRC-20220530,GRC,Greece,300,GR,GRC,GRC,39,Southern Europe,39,Southern Europe,150,Europe,1,State,2021/05/28,2022/05/30,intl,,,,10316641
Greenland,2020,WorldBank,100.0,0,100.0,0,100.0,0,,0.0,0.0,0.0,n/a,,,,,,,,,,,,,,,,,,,,,,,,,,,,,106,GRL-20220530,GRL,Greenland (Den.),304,GL,GRL,DNK,21,Northern America,21,Northern America,19,Americas,5,Territory/Self-governing territory,2021/05/28,2022/05/30,intl,,,,56975
Grenada,2020,WorldBank,93.6,"7,216",0.0,0,0.0,0,,89.0,88.0,94.0,n/a,,0.004,0.003,0.001,0.795,74.9,9,"13,484",-1%,-1%,0,0,0.003,0.02,0,2,0.008,0.246,0,0,0,0,0,0,0,0,0.0029,-0.0001,105,GRD-20220530,GRD,Grenada,308,GD,GRD,GRD,29,Caribbean,419,Latin America and the Caribbean,19,Americas,1,State,2021/05/28,2022/05/30,intl,51631,875,0.9833352379,113478
Guadeloupe,,,,,,,,,,,,,,,,,,,,,,,,,,,,,,,,,,,,,,,,,,100,GLP-20220530,GLP,Guadeloupe (Fr.),312,GP,GLP,FRA,29,Caribbean,419,Latin America and the Caribbean,19,Americas,5,Territory/Self-governing territory,2021/05/28,2022/05/30,intl,,,,399804
Guam,2020,WorldBank,100.0,0,100.0,0,100.0,0,,0.0,0.0,0.0,n/a,,,,,,,,,,,,,,,,,,,,,,,,,,,,,109,GUM-20220530,GUM,Guam (USA),316,GU,GUM,USA,57,Micronesia,57,Micronesia,9,Oceania,3,Non-self-governing territory,2021/05/28,2022/05/30,intl,,,,171528
Guatemala,2020,WorldBank,97.1,"496,433",97.5,"222,038",96.6,"274,395",,50.0,14.0,75.0,9.5,22.2,0.018,0.011,0.007,0.627,69.2,5.7,"8,723",0%,-1%,-0.001,-0.002,0.05,0.4,130,495,0.16,5.22,0.01,0,0.01,0,0.001,0,0,0,0.013,0.004,107,GTM-20220530,GTM,Guatemala,320,GT,GTM,GTM,13,Central America,419,Latin America and the Caribbean,19,Americas,1,State,2021/05/28,2022/05/30,intl,5899370,2512651,0.7013023386,18584040
Guernsey,,,,,,,,,,,,,,,,,,,,,,,,,,,,,,,,,,,,,,,,,,96,GGY-20220530,GGY,Guernsey (UK),831,GG,GGY,GBR,830,Channel Islands,154,Northern Europe,150,Europe,5,Territory/Self-governing territory,2021/05/28,2022/05/30,intl,,,,66033
Guinea,2020,WorldBank,44.7,"7,266,547",88.1,"577,087",19.3,"6,689,461",,2.0,0.0,4.0,13.8,51.7,2.225,2.178,0.047,0.465,58.9,2.2,"2,481",-11%,-56%,-0.017,-0.151,0.35,6.03,21665,80524,1.06,52.07,1.72,2.6,0.04,0.08,0.234,0.013,0,0,1.758,2.681,99,GIN-20220530,GIN,Guinea,324,GN,GIN,GIN,11,Western Africa,202,Sub-Saharan Africa,2,Africa,1,State,2021/05/28,2022/05/30,intl,2615930,4665345,0.3592681227,13865683
Guinea Bissau,,"IFS, Pardee",,,,,,,,,,,,,0.364,0.310,0.054,,,,,1%,-131%,0.001,-0.047,0.013,0.358,1791,7578,0.038,2.659,0.26,0.37,0.05,0.05,0.032,-0.001,0.01,0,0.301,0.428,,,,,,,,,,,,,,,,,,,,,,,
Guinea-Bissau,2020,WorldBank,33.3,"1,311,957",56.3,"380,314",15.2,"931,643",,1.0,0.0,2.0,21.7,46.1,,,,0.483,59.7,3.6,"1,908",,,,,,,,,,,,,,,,,,,,,102,GNB-20220530,GNB,Guinea-Bissau,624,GW,GNB,GNB,11,Western Africa,202,Sub-Saharan Africa,2,Africa,1,State,2021/05/28,2022/05/30,intl,347703,719661,0.3257585978,2063358
Guyana,2020,WorldBank,92.5,"58,673",96.9,"6,533",90.9,"52,140",,81.0,80.0,84.0,11.9,,0.001,0.001,0.000,0.714,65.7,8.6,"22,465",0%,0%,0,0,0.27,0.16,1,33,0.72,6.88,0,0,0,0,-0.002,0,0,0,-0.0033,-0.0044,110,GUY-20220530,GUY,Guyana,328,GY,GUY,GUY,5,South America,419,Latin America and the Caribbean,19,Americas,1,State,2021/05/28,2022/05/30,intl,380612,63168,0.8576592005,794040
Haiti,2020,WorldBank,46.9,"6,051,834",80.5,"1,266,435",2.2,"4,785,398",,4.0,1.0,7.0,29.2,46.8,0.071,0.030,0.041,0.535,63.2,5.6,"2,848",-2%,-35%,-0.002,-0.054,0.03,0.45,1679,6029.9999999999,0.11,4.31,0.02,0.02,0.02,0.04,-0.002,-0.001,0,0,0.034,0.066,115,HTI-20220530,HTI,Haiti,332,HT,HTI,HTI,29,Caribbean,419,Latin America and the Caribbean,19,Americas,1,State,2021/05/28,2022/05/30,intl,1492158,3431448,0.3030620241,11680283
Hala'ib Triangle,,,,,,,,,,,,,,,,,,,,,,,,,,,,,,,,,,,,,,,,,,286,XHT-20220530,XHT,,913,XN,XHT,SDN,14,Eastern Africa,202,Sub-Saharan Africa,2,Africa,99,Sovereignty unsettled,2021/05/28,2022/05/30,intl,971,684,0.5867069486,7518
Hans Island,,,,,,,,,,,,,,,,,,,,,,,,,,,,,,,,,,,,,,,,,,285,XHI-20220530,XHI,,912,XM,XHI,XHI,21,Northern America,21,Northern America,19,Americas,99,Sovereignty unsettled,2021/05/28,2022/05/30,intl,,,,0
Heard Island and McDonald Islands,,,,,,,,,,,,,,,,,,,,,,,,,,,,,,,,,,,,,,,,,,112,HMD-20220530,HMD,Heard Island and McDonald Islands (Aust.),334,HM,HMD,AUS,53,Australia and New Zealand,53,Australia and New Zealand,9,Oceania,5,Territory/Self-governing territory,2021/05/28,2022/05/30,intl,,,,0
Holy See,,,,,,,,,,,,,,,,,,,,,,,,,,,,,,,,,,,,,,,,,,266,VAT-20220530,VAT,Holy See,336,VA,VAT,VAT,39,Southern Europe,39,Southern Europe,150,Europe,1,State,2021/05/28,2022/05/30,intl,,,,808
Honduras,2020,WorldBank,93.2,"672,849",100.0,0,83.7,"672,849",,48.0,23.0,73.0,12.7,14.8,0.000,0.000,0.000,0.621,70.1,7.1,"5,298",0%,3%,0.001,0.005,0.01,0.03,0,3,0.04,0.51,0,0,0,0,0,0,0,0,0,0,113,HND-20220530,HND,Honduras,340,HN,HND,HND,13,Central America,419,Latin America and the Caribbean,19,Americas,1,State,2021/05/28,2022/05/30,intl,3432087,793163,0.8122802201,10221258
Hong Kong,,"IFS, Pardee",,,,,,,,,,,,,0.000,0.000,0.000,,,,,0%,0%,0,0,0.1,0,0,0,0.4,0.5,0,0,0,0,0,0,0,0,0,0,,,,,,,,,,,,,,,,,,,,,,,
"Hong Kong, China (SAR)",,,,,,,,,,,,,,,,,,0.952,85.5,12.2,"62,607",,,,,,,,,,,,,,,,,,,,,,,,,,,,,,,,,,,,,,,,,,,
"Hong Kong, Special Administrative Region of China",,,,,,,,,,,,,,,,,,,,,,,,,,,,,,,,,,,,,,,,,,111,HKG-20220530,HKG,"Hong Kong, SAR China",344,HK,HKG,CHN,30,Eastern Asia,30,Eastern Asia,142,Asia,6,Special region or province,2021/05/28,2022/05/30,intl,4100888,8925,0.9978283683,7604306
Hungary,2020,WorldBank,100.0,0,100.0,0,100.0,0,,100.0,100.0,100.0,0.3,0.4,0.120,0.067,0.053,0.846,74.5,12.2,"32,789",0%,0%,0,0,0.3,0.8,-7,-4,1,13.7,0.06,0.17,0.04,0.16,0.006,0.005,0,0.01,0.099,0.324,116,HUN-20220530,HUN,Hungary,348,HU,HUN,HUN,151,Eastern Europe,151,Eastern Europe,150,Europe,1,State,2021/05/28,2022/05/30,intl,,,,9606247
Iceland,2020,WorldBank,100.0,0,100.0,0,100.0,0,,100.0,100.0,100.0,0,0.2,0.000,0.000,0.000,0.959,82.7,13.8,"55,782",0%,0%,0,0,0.01,0.01,0,0,0.01,0.13,0,0,0,0,0,0,0,0,0,0,124,ISL-20220530,ISL,Iceland,352,IS,ISL,ISL,154,Northern Europe,154,Northern Europe,150,Europe,1,State,2021/05/28,2022/05/30,intl,,,,345398
Ilemi Triangle,,,,,,,,,,,,,,,,,,,,,,,,,,,,,,,,,,,,,,,,,,289,XIT_1-20220530,XIT_1,,916,XQ,XIT,SSD,14,Eastern Africa,202,Sub-Saharan Africa,2,Africa,99,Sovereignty unsettled,2021/05/28,2022/05/30,intl,88,18134,0.0048293272,16265
Imia/Kardak,,,,,,,,,,,,,,,,,,,,,,,,,,,,,,,,,,,,,,,,,,288,XIK-20220530,XIK,,915,XP,XIK,XIK,39,Southern Europe,39,Southern Europe,150,Europe,99,Sovereignty unsettled,2021/05/28,2022/05/30,intl,,,,0
India,2020,WorldBank,99.0,"13,800,044",100.0,0,98.5,"13,800,044",,68.0,54.0,91.0,10,,17.180,13.870,3.310,0.633,67.2,6.7,"6,590",1%,0%,0.22,-0.023,2,23,382799.999999999,663000,5,361,8.81,-2.94,2.51,2.01,1.59,0,0.37,0,11.321,-0.93,119,IND-20220530,IND,India,356,IN,IND,IND,34,Southern Asia,34,Southern Asia,142,Asia,1,State,2021/05/28,2022/05/30,intl,667101845,82160796,0.8903444647,1406631780
Indonesia,2020,WorldBank,97.0,"8,342,470",99.6,"619,706",93.5,"7,722,764",,84.0,75.0,93.0,3.5,4.1,7.628,3.999,3.629,0.705,67.6,8.6,"11,466",0%,-1%,0.004,-0.03,4,33,57600,275030.000000001,11,380,3.74,5.63,2.88,3.66,0.583,0.156,0.42,0,6.627,9.29,117,IDN-20220530,IDN,Indonesia,360,ID,IDN,IDN,35,South-eastern Asia,35,South-eastern Asia,142,Asia,1,State,2021/05/28,2022/05/30,intl,131637214,16918606,0.8861128026,279134488
Iran,,"IFS, Pardee",,,,,,,,,,,,,0.012,0.004,0.008,,,,,0%,0%,0,0,0,1.2,0,30,0,7.7,0,-0.01,0,-0.01,0,0,0,0,-0.002,-0.018,,,,,,,,,,,,,,,,,,,,,,,
Iran (Islamic Republic of),2020,WorldBank,100.0,0,100.0,0,100.0,0,,96.0,92.0,99.0,1.1,1.2,,,,0.774,73.9,10.6,"13,001",,,,,,,,,,,,,,,,,,,,,122,IRN-20220530,IRN,Iran (Islamic Republic of),364,IR,IRN,IRN,34,Southern Asia,34,Southern Asia,142,Asia,1,State,2021/05/28,2022/05/30,intl,,,,86022847
Iraq,2020,WorldBank,100.0,0,100.0,0,100.0,0,,99.0,98.0,99.0,0.1,5.5,0.295,0.094,0.201,0.686,70.4,7.9,"9,977",0%,0%,0,0,0.3,4,2,94.0000000001,0.8,40.6,0.08,0,0.16,0.15,0.008,0,0.02,-0.01,0.239,0.149,123,IRQ-20220530,IRQ,Iraq,368,IQ,IRQ,IRQ,145,Western Asia,145,Western Asia,142,Asia,1,State,2021/05/28,2022/05/30,intl,20509516,534965,0.9745793208,42164968
Ireland,2020,WorldBank,100.0,0,100.0,0,100.0,0,,100.0,100.0,100.0,0,0.7,0.006,0.003,0.003,0.945,82,11.6,"76,169",0%,0%,0,0,0.1,2.2,0,-18,0.3,22.8,0,0.05,0,0.01,0.001,0.002,0,0,0.005,0.055,121,IRL-20220530,IRL,Ireland,372,IE,IRL,IRL,154,Northern Europe,154,Northern Europe,150,Europe,1,State,2021/05/28,2022/05/30,intl,,,,5019282
Isla Brasilera,,,,,,,,,,,,,,,,,,,,,,,,,,,,,,,,,,,,,,,,,,287,XIB-20220530,XIB,,914,XO,XIB,XIB,5,South America,419,Latin America and the Caribbean,19,Americas,99,Sovereignty unsettled,2021/05/28,2022/05/30,intl,,,,2
Isle of Man,2020,WorldBank,100.0,0,100.0,0,100.0,0,,0.0,0.0,0.0,n/a,,,,,,,,,,,,,,,,,,,,,,,,,,,,,118,IMN-20220530,IMN,Isle of Man (UK),833,IM,IMN,GBR,154,Northern Europe,154,Northern Europe,150,Europe,5,Territory/Self-governing territory,2021/05/28,2022/05/30,intl,,,,85737
Israel,2020,WorldBank,100.0,0,100.0,0,100.0,0,,100.0,100.0,100.0,0.5,1.1,0.000,0.000,0.000,0.919,82.3,13.3,"41,524",0%,0%,0,0,0.1,0.2,0,-3,0.3,2.9,0,0,0,0,0,0,0,0,0,0,125,ISR-20220530,ISR,Israel,376,IL,ISR,ISR,145,Western Asia,145,Western Asia,142,Asia,1,State,2021/05/28,2022/05/30,intl,,,,8922894
Italy,2020,WorldBank,100.0,0,100.0,0,100.0,0,,100.0,100.0,100.0,1.5,2.9,0.258,0.164,0.094,0.895,82.9,10.7,"42,840",0%,0%,-0.001,-0.001,2,8,-60,-289.9999999999,5,103,0.12,1.02,0.06,1.01,0.012,0.041,0,0.05,0.183,2.023,126,ITA-20220530,ITA,Italy,380,IT,ITA,ITA,39,Southern Europe,39,Southern Europe,150,Europe,1,State,2021/05/28,2022/05/30,intl,,,,60262764
Jadh-Nelang,,,,,,,,,,,,,,,,,,,,,,,,,,,,,,,,,,,,,,,,,,292,XJN-20220530,XJN,,919,XT,XJN,XJN,34,Southern Asia,34,Southern Asia,142,Asia,99,Sovereignty unsettled,2021/05/28,2022/05/30,intl,,,,2922
Jamaica,2020,WorldBank,100.0,0,100.0,0,100.0,0,,83.0,78.0,90.0,1.2,,0.000,0.000,0.000,0.709,70.5,9.2,"8,834",0%,1%,0,0,0,0.01,0,0,0.02,0.25,0,0,0,0,0,0,0,0,0,0,127,JAM-20220530,JAM,Jamaica,388,JM,JAM,JAM,29,Caribbean,419,Latin America and the Caribbean,19,Americas,1,State,2021/05/28,2022/05/30,intl,1566737,41990,0.9738986167,2985086
Jammu and Kashmir,,,,,,,,,,,,,,,,,,,,,,,,,,,,,,,,,,,,,,,,,,290,XJK-20220530,XJK,Jammu and Kashmir,917,XR,XJK,XJK,34,Southern Asia,34,Southern Asia,142,Asia,99,Sovereignty unsettled,2021/05/28,2022/05/30,intl,7773842,2570597,0.7514996222,19492752
Japan,2020,WorldBank,100.0,0,100.0,0,100.0,0,,100.0,100.0,100.0,0.7,0.8,0.632,0.163,0.469,0.925,84.8,13.4,"42,274",0%,0%,-0.002,-0.003,6,32,-50.0000000001,-1329.9999999999,20,390,0.13,0.85,0.35,4.42,0.009,0.037,0.05,0.21,0.479,5.265,130,JPN-20220530,JPN,Japan,392,JP,JPN,JPN,30,Eastern Asia,30,Eastern Asia,142,Asia,1,State,2021/05/28,2022/05/30,intl,,,,125584844
Jersey,,,,,,,,,,,,,,,,,,,,,,,,,,,,,,,,,,,,,,,,,,128,JEY-20220530,JEY,Jersey (UK),832,JE,JEY,GBR,830,Channel Islands,154,Northern Europe,150,Europe,5,Territory/Self-governing territory,2021/05/28,2022/05/30,intl,,,,105411
Jordan,2020,WorldBank,99.9,"10,203",100.0,0,98.8,"10,203",,100.0,99.0,100.0,0,0.3,0.003,0.001,0.002,0.72,74.3,10.4,"9,924",0%,0%,0,0,0.03,0.15,-1,21,0.11,1.73,0,0,-0.01,0,0,0,0,0,-0.005,0.007,129,JOR-20220530,JOR,Jordan,400,JO,JOR,JOR,145,Western Asia,145,Western Asia,142,Asia,1,State,2021/05/28,2022/05/30,intl,4355342,24553,0.9943941579,10300861
Kalapani,,,,,,,,,,,,,,,,,,,,,,,,,,,,,,,,,,,,,,,,,,293,XKA-20220530,XKA,,920,XU,XKA,XKA,34,Southern Asia,34,Southern Asia,142,Asia,99,Sovereignty unsettled,2021/05/28,2022/05/30,intl,,,,78
Kauirik,,,,,,,,,,,,,,,,,,,,,,,,,,,,,,,,,,,,,,,,,,296,XKU-20220530,XKU,,924,XY,XKU,XKU,34,Southern Asia,34,Southern Asia,142,Asia,99,Sovereignty unsettled,2021/05/28,2022/05/30,intl,,,,1345
Kazakhstan,2020,WorldBank,100.0,0,100.0,0,100.0,0,,93.0,87.0,98.0,0,0,0.167,0.104,0.063,0.811,69.4,12.3,"23,943",0%,0%,0,0,0.7,4.7,7,107,1.9,61.2,0.09,0.05,0.06,0.03,0.008,-0.002,0.01,0,0.144,0.074,131,KAZ-20220530,KAZ,Kazakhstan,398,KZ,KAZ,KAZ,143,Central Asia,143,Central Asia,142,Asia,1,State,2021/05/28,2022/05/30,intl,,,,19205038
Kenya,2020,WorldBank,71.4,"15,358,190",94.0,"905,271",62.7,"14,452,919",,20.0,5.0,44.0,29.4,45.4,10.104,8.974,1.130,0.575,61.4,6.7,"4,474",-13%,-51%,-0.08,-0.463,1.2,22.5,25632,94887.9999999999,3.34,200.24,6.94,6.1,0.95,1.4,0.912,-0.132,0.14,0.01,7.888,7.497,132,KEN-20220530,KEN,Kenya,404,KE,KEN,KEN,14,Eastern Africa,202,Sub-Saharan Africa,2,Africa,1,State,2021/05/28,2022/05/30,intl,13486949,13612493,0.4976836423,56215218
Kiribati,2020,WorldBank,92.0,"9,600",88.4,"7,710",96.4,"1,890",,10.0,0.0,17.0,1.7,21,,,,0.624,67.4,8,"4,063",,,,,,,,,,,,,,,,,,,,,135,KIR-20220530,KIR,Kiribati,296,KI,KIR,KIR,57,Micronesia,57,Micronesia,9,Oceania,1,State,2021/05/28,2022/05/30,intl,,,,123414
Korea (Democratic People's Rep. of),,,,,,,,,,,,,,,,,,..,73.3,..,..,,,,,,,,,,,,,,,,,,,,,,,,,,,,,,,,,,,,,,,,,,,
Korea (Republic of),,,,,,,,,,,,,,,,,,0.925,83.7,12.5,"44,501",,,,,,,,,,,,,,,,,,,,,,,,,,,,,,,,,,,,,,,,,,,
"Korea, Dem. People's Republic",,"IFS, Pardee",,,,,,,,,,,,,4.693,2.677,2.016,,,,,6%,-113%,0.042,-0.268,0.5,3.34,133373,534977.000000001,1.59,38.16,1.91,2.31,1.49,1.43,0.212,0.004,0.17,-0.02,3.396,3.741,,,,,,,,,,,,,,,,,,,,,,,
"Korea, Republic of",,"IFS, Pardee",,,,,,,,,,,,,0.000,0.000,0.000,,,,,0%,0%,0,0,0,0,0,-30,0,5,0,0,0,0,0,0,0,0,0,0,,,,,,,,,,,,,,,,,,,,,,,
Kosovo,2017,HBS,,,,,,,,,,,,0.8,0.000,0.000,0.000,,,,,0%,0%,0,0,0.01,0.01,0,1,0.01,0.09,0,0,0,0,0,0,0,0,0,0,,,,,,,,,,,,,,,,,,,,,,,
Koualou,,,,,,,,,,,,,,,,,,,,,,,,,,,,,,,,,,,,,,,,,,295,XKO-20220530,XKO,,923,XX,XKO,XKO,11,Western Africa,202,Sub-Saharan Africa,2,Africa,99,Sovereignty unsettled,2021/05/28,2022/05/30,intl,,452,0,661
Kuril Islands,,,,,,,,,,,,,,,,,,,,,,,,,,,,,,,,,,,,,,,,,,294,XKI-20220530,XKI,,921,XV,XKI,RUS,30,Eastern Asia,30,Eastern Asia,142,Asia,99,Sovereignty unsettled,2021/05/28,2022/05/30,intl,,,,14382
Kuwait,2020,WorldBank,100.0,0,100.0,0,100.0,0,,100.0,100.0,100.0,n/a,,0.004,0.000,0.004,0.831,78.7,7.3,"52,920",0%,0%,0,0,0.1,1.3,0,-4,0.3,10.5,0,0,0,0.01,0,0,0,0,0.001,0.009,138,KWT-20220530,KWT,Kuwait,414,KW,KWT,KWT,145,Western Asia,145,Western Asia,142,Asia,1,State,2021/05/28,2022/05/30,intl,,,,4380339
Kyrgyzstan,2020,WorldBank,100.0,"1,249",99.5,"12,048",100.0,0,,77.0,66.0,94.0,1.3,1.3,0.000,0.000,0.000,0.692,70,11.4,"4,566",-1%,-2%,-0.001,-0.001,0,0.02,15,27,0.006,0.226,0,0,0,0,0,0,0,0,-0.005,-0.005,133,KGZ-20220530,KGZ,Kyrgyzstan,417,KG,KGZ,KGZ,143,Central Asia,143,Central Asia,142,Asia,1,State,2021/05/28,2022/05/30,intl,,,,6728270
Lao People's Dem. Republic,,"IFS, Pardee",,,,,,,,,,,,,0.311,0.235,0.076,,,,,3%,0%,0.002,0,0.16,2.31,5226,11440,0.43,22.12,0.18,0.03,0.06,0.03,0.024,-0.004,0.01,0,0.243,0.065,,,,,,,,,,,,,,,,,,,,,,,
Lao People's Democratic Republic,2020,WorldBank,100.0,0,100.0,0,100.0,0,,8.0,2.0,19.0,7.1,10.3,,,,0.607,68.1,5.4,"7,700",,,,,,,,,,,,,,,,,,,,,139,LAO-20220530,LAO,Lao People's Democratic Republic,418,LA,LAO,LAO,35,South-eastern Asia,35,South-eastern Asia,142,Asia,1,State,2021/05/28,2022/05/30,intl,1964180,2939384,0.4005617139,7481026
Lapthal-Bara Hoti,,,,,,,,,,,,,,,,,,,,,,,,,,,,,,,,,,,,,,,,,,297,XLB-20220530,XLB,,926,XZ,XLB,XLB,34,Southern Asia,34,Southern Asia,142,Asia,99,Sovereignty unsettled,2021/05/28,2022/05/30,intl,,,,1092
Latvia,2020,WorldBank,100.0,0,100.0,0,100.0,0,,100.0,100.0,100.0,0.2,0.6,0.000,0.000,0.000,0.863,73.6,13.3,"32,803",0%,0%,0,0,0.01,0.02,1,1,0.02,0.35,0,0,0,0,0,0,0,0,0,0,149,LVA-20220530,LVA,Latvia,428,LV,LVA,LVA,154,Northern Europe,154,Northern Europe,150,Europe,1,State,2021/05/28,2022/05/30,intl,,,,1848834
Lebanon,2020,WorldBank,100.0,0,100.0,0,100.0,0,,0.0,0.0,0.0,n/a,0.7,0.084,0.010,0.074,0.706,75,8.7,"9,526",2%,-34%,0.002,-0.023,0.13,1.1,-3,91,0.43,11.75,0.01,0.01,0.05,0.07,0.001,-0.002,0.01,0,0.0582,0.0797,140,LBN-20220530,LBN,Lebanon,422,LB,LBN,LBN,145,Western Asia,145,Western Asia,142,Asia,1,State,2021/05/28,2022/05/30,intl,,,,6684852
Lesotho,2020,WorldBank,47.4,"1,127,837",77.7,"138,515",34.9,"989,322",,40.0,20.0,79.0,32.4,40.7,0.528,0.496,0.032,0.514,53.1,6,"2,700",-19%,-296%,-0.003,-0.074,0.051,0.551,2995,11669,0.161,5.483,0.36,0.42,0.02,0.03,0.042,-0.003,0,0,0.381,0.457,146,LSO-20220530,LSO,Lesotho,426,LS,LSO,LSO,18,Southern Africa,202,Sub-Saharan Africa,2,Africa,1,State,2021/05/28,2022/05/30,intl,453081,735869,0.3810765802,2175694
Liancourt Rocks,,,,,,,,,,,,,,,,,,,,,,,,,,,,,,,,,,,,,,,,,,298,XLR-20220530,XLR,,927,QM,XLR,XLR,30,Eastern Asia,30,Eastern Asia,142,Asia,99,Sovereignty unsettled,2021/05/28,2022/05/30,intl,,,,35
Liberia,2020,WorldBank,27.5,"3,665,060",45.2,"1,444,425",8.4,"2,220,636",,0.0,0.0,0.0,27.6,56.6,0.683,0.567,0.116,0.481,60.7,5.1,"1,289",5%,-112%,0.005,-0.101,0.014,0.56,3783,12385,0.038,4.179,0.43,0.58,0.09,0.06,0.054,-0.006,0.01,-0.01,0.517,0.644,141,LBR-20220530,LBR,Liberia,430,LR,LBR,LBR,11,Western Africa,202,Sub-Saharan Africa,2,Africa,1,State,2021/05/28,2022/05/30,intl,671578,1512586,0.3074759954,5305125
Libya,2020,WorldBank,69.7,"2,081,495",100.0,0,0.0,0,,0.0,0.0,0.0,n/a,,0.002,0.001,0.001,0.718,71.9,7.6,"15,336",0%,0%,0,0,0.4,0.8,5,29,2,13.4,-0.01,-0.01,-0.02,-0.02,0,0,0,0,-0.037,-0.037,142,LBY-20220530,LBY,Libya,434,LY,LBY,LBY,15,Northern Africa,15,Northern Africa,2,Africa,1,State,2021/05/28,2022/05/30,intl,3460691,169199,0.9533872927,7040747
Liechtenstein,2020,WorldBank,100.0,0,100.0,0,100.0,0,,0.0,0.0,0.0,n/a,,,,,0.935,83.3,12.5,"146,830",,,,,,,,,,,,,,,,,,,,,144,LIE-20220530,LIE,Liechtenstein,438,LI,LIE,LIE,155,Western Europe,155,Western Europe,150,Europe,1,State,2021/05/28,2022/05/30,intl,,,,38388
Lithuania,2020,WorldBank,100.0,0,100.0,0,100.0,0,,100.0,100.0,100.0,0.5,1,0.000,0.000,0.000,0.875,73.7,13.5,"37,931",0%,0%,0,0,0.01,0.1,0,0,0.04,0.59,0,0,0,0,0,0,0,0,0,0,147,LTU-20220530,LTU,Lithuania,440,LT,LTU,LTU,154,Northern Europe,154,Northern Europe,150,Europe,1,State,2021/05/28,2022/05/30,intl,,,,2661711
Luxembourg,2020,WorldBank,100.0,0,100.0,0,100.0,0,,100.0,100.0,100.0,0.1,0.9,0.003,0.001,0.003,0.93,82.6,13,"84,649",0%,0%,0,0,0.08,0.43,0,-6,0.24,5.18,0,0,0,0,0,0,0,0,0.0022,0.0035,148,LUX-20220530,LUX,Luxembourg,442,LU,LUX,LUX,155,Western Europe,155,Western Europe,150,Europe,1,State,2021/05/28,2022/05/30,intl,,,,642365
"Macao, Special Administrative Region of China",,,,,,,,,,,,,,,,,,,,,,,,,,,,,,,,,,,,,,,,,,150,MAC-20220530,MAC,"Macao, SAR China",446,MO,MAC,CHN,30,Eastern Asia,30,Eastern Asia,142,Asia,6,Special region or province,2021/05/28,2022/05/30,intl,,,,667492
"Macedonia, North",,"IFS, Pardee",,,,,,,,,,,,,0.000,0.000,0.000,,,,,1%,0%,0,0,0,0.01,0,1,0,0.13,0,0,0,0,0,0,0,0,0,0,,,,,,,,,,,,,,,,,,,,,,,
Machias Seal Island,,,,,,,,,,,,,,,,,,,,,,,,,,,,,,,,,,,,,,,,,,299,XMA-20220530,XMA,,928,QN,XMA,XMA,21,Northern America,21,Northern America,19,Americas,99,Sovereignty unsettled,2021/05/28,2022/05/30,intl,,,,0
Madagascar,2020,WorldBank,33.7,"18,349,432",70.2,"3,183,854",10.9,"15,165,579",,1.0,0.0,2.0,80.7,82.9,7.402,6.160,1.242,0.501,64.5,5.1,"1,484",-53%,-927%,-0.17,-4.9,0.68,14.04,44642,224936,2.04,116.97,5.25,7.43,1.13,1.96,0.602,0.037,0.15,0.04,6.38,9.387,155,MDG-20220530,MDG,Madagascar,450,MG,MDG,MDG,14,Eastern Africa,202,Sub-Saharan Africa,2,Africa,1,State,2021/05/28,2022/05/30,intl,2356531,11657525,0.1681548154,29178100
Malawi,2020,WorldBank,14.9,"16,285,949",54.0,"1,534,195",6.6,"14,751,754",,1.0,0.0,4.0,70.1,78.3,0.001,0.001,0.000,0.512,62.9,4.5,"1,466",0%,-17%,0,-0.061,0,0.14,104,384,0.01,1.07,-0.02,-0.02,0,0,0,0,0,0,-0.016,-0.016,171,MWI-20220530,MWI,Malawi,454,MW,MWI,MWI,14,Eastern Africa,202,Sub-Saharan Africa,2,Africa,1,State,2021/05/28,2022/05/30,intl,2663114,7280992,0.2678082876,20180835
Malaysia,2020,WorldBank,100.0,0,100.0,0,100.0,0,,96.0,92.0,98.0,0,0.2,0.071,0.026,0.045,0.803,74.9,10.6,"26,658",0%,0%,0,0,0.3,1,-2,-20.0000000001,1,17.6,0.02,0.03,0.03,0.02,0.002,0,0,0,0.052,0.042,172,MYS-20220530,MYS,Malaysia,458,MY,MYS,MYS,35,South-eastern Asia,35,South-eastern Asia,142,Asia,1,State,2021/05/28,2022/05/30,intl,16693580,764722,0.9561972293,33181078
Maldives,2020,WorldBank,100.0,0,100.0,0,100.0,0,,99.0,99.0,100.0,0,0,0.000,0.000,0.000,0.747,79.9,7.3,"15,448",0%,-1%,0,0,0.001,0.007,2,2,0.004,0.059,0,0,0,0,0,0,0,0,-0.0006,0.0007,156,MDV-20220530,MDV,Maldives,462,MV,MDV,MDV,34,Southern Asia,34,Southern Asia,142,Asia,1,State,2021/05/28,2022/05/30,intl,,,,540980
Mali,2020,WorldBank,50.6,"10,011,725",94.1,"525,606",16.5,"9,486,119",,1.0,0.0,2.0,14.8,43.7,3.349,2.863,0.486,0.428,58.9,2.3,"2,133",-8%,-216%,-0.01,-0.954,0.31,6.64,19355,76739,0.91,54.23,2.31,3.48,0.43,0.77,0.304,0.012,0.06,0.01,2.738,4.255,160,MLI-20220530,MLI,Mali,466,ML,MLI,MLI,11,Western Africa,202,Sub-Saharan Africa,2,Africa,1,State,2021/05/28,2022/05/30,intl,3514052,6670828,0.3450263528,21473785
Malta,2020,WorldBank,100.0,0,100.0,0,100.0,0,,100.0,100.0,100.0,0.3,0.4,0.000,0.000,0.000,0.918,83.8,12.2,"38,884",0%,0%,0,0,0.01,0.01,0,-4,0.03,0.35,0,0,0,0,0,0,0,0,0,0,161,MLT-20220530,MLT,Malta,470,MT,MLT,MLT,39,Southern Europe,39,Southern Europe,150,Europe,1,State,2021/05/28,2022/05/30,intl,,,,444030
Marshall Islands,2020,WorldBank,99.2,497,96.0,"1,865",100.0,0,,64.0,1.0,85.0,0.9,1.1,,,,0.639,65.3,10.9,"4,620",,,,,,,,,,,,,,,,,,,,,158,MHL-20220530,MHL,Marshall Islands,584,MH,MHL,MHL,57,Micronesia,57,Micronesia,9,Oceania,1,State,2021/05/28,2022/05/30,intl,15176,5294,0.7413776258,60048
Martinique,,,,,,,,,,,,,,,,,,,,,,,,,,,,,,,,,,,,,,,,,,169,MTQ-20220530,MTQ,Martinique (Fr.),474,MQ,MTQ,FRA,29,Caribbean,419,Latin America and the Caribbean,19,Americas,5,Territory/Self-governing territory,2021/05/28,2022/05/30,intl,,,,374083
Mauritania,2020,WorldBank,47.3,"2,448,119",88.4,"299,058",0.0,0,,43.0,18.0,64.0,6.5,45.7,0.579,0.506,0.073,0.556,64.4,4.9,"5,075",3%,-32%,0.002,-0.03,0.14,1.77,2373,7017,0.44,17.77,0.38,0.34,0.06,0.07,0.049,-0.008,0.01,0,0.439,0.414,167,MRT-20220530,MRT,Mauritania,478,MR,MRT,MRT,11,Western Africa,202,Sub-Saharan Africa,2,Africa,1,State,2021/05/28,2022/05/30,intl,1043539,1298662,0.4455377655,4901976
Mauritius,2020,WorldBank,99.7,"4,283",99.4,"3,051",99.8,"1,232",,97.0,96.0,98.0,0.1,0.4,0.013,0.010,0.003,0.802,73.6,10.4,"22,025",0%,0%,0,0,0.02,0.05,0,2,0.06,0.75,0.01,0,0,0,0.001,0,0,0,0.0136,0.0056,170,MUS-20220530,MUS,Mauritius,480,MU,MUS,MUS,14,Eastern Africa,202,Sub-Saharan Africa,2,Africa,1,State,2021/05/28,2022/05/30,intl,634494,24288,0.9631319617,1274719
Mayotte,,,,,,,,,,,,,,,,,,,,,,,,,,,,,,,,,,,,,,,,,,173,MYT-20220530,MYT,Mayotte (Fr.),175,YT,MYT,FRA,14,Eastern Africa,202,Sub-Saharan Africa,2,Africa,5,Territory/Self-governing territory,2021/05/28,2022/05/30,intl,,,,286254
Mexico,2020,WorldBank,99.4,"773,597",99.8,"208,177",97.7,"565,419",,85.0,59.0,91.0,3.1,3.4,0.353,0.080,0.273,0.758,70.2,9.2,"17,896",0%,-1%,-0.002,-0.014,2,12,1870,8280.0000000001,5,150,0.04,0.08,0.2,0.28,0.005,0.001,0.02,0.01,0.245,0.361,157,MEX-20220530,MEX,Mexico,484,MX,MEX,MEX,13,Central America,419,Latin America and the Caribbean,19,Americas,1,State,2021/05/28,2022/05/30,intl,70857129,2480011,0.9661834236,131562798
Micronesia,,"IFS, Pardee",,,,,,,,,,,,,0.005,0.005,0.000,,,,,-11%,-78%,0,-0.001,0.001,0.015,36,118,0.002,0.15,0,0,0,0,0.001,0,0,0,0.0049,0.0028,,,,,,,,,,,,,,,,,,,,,,,
Micronesia (Federated States of),2020,WorldBank,82.9,"19,639",96.7,869,78.8,"18,770",,13.0,3.0,34.0,16,22.7,,,,0.628,70.7,7.8,"3,696",,,,,,,,,,,,,,,,,,,,,92,FSM-20220530,FSM,Micronesia (Federated States of),583,FM,FSM,FSM,57,Micronesia,57,Micronesia,9,Oceania,1,State,2021/05/28,2022/05/30,intl,3404,1776,0.6571428571,117484
Moldova (Republic of),,,,,,,,,,,,,,,,,,0.767,68.8,11.8,"14,875",,,,,,,,,,,,,,,,,,,,,,,,,,,,,,,,,,,,,,,,,,,
"Moldova, Republic of",,"IFS, Pardee",,,,,,,,,,,,,0.000,0.000,0.000,,,,,0%,0%,0,0,0,0,2,2,0,0.04,0,0,0,0,0,0,0,0,0,0,,,,,,,,,,,,,,,,,,,,,,,
Monaco,2020,WorldBank,100.0,0,100.0,0,100.0,0,,100.0,100.0,100.0,n/a,,,,,..,85.9,..,..,,,,,,,,,,,,,,,,,,,,,153,MCO-20220530,MCO,Monaco,492,MC,MCO,MCO,155,Western Europe,155,Western Europe,150,Europe,1,State,2021/05/28,2022/05/30,intl,,,,39778
Mongolia,2020,WorldBank,98.1,"62,288",99.7,"6,752",94.6,"55,535",,52.0,15.0,69.0,0.7,2,0.103,0.059,0.044,0.739,71,9.4,"10,588",0%,0%,0,0,0.07,0.73,569,1145,0.18,7.48,0.04,0.01,0.03,0.01,0.006,-0.001,0.01,0,0.074,0.019,164,MNG-20220530,MNG,Mongolia,496,MN,MNG,MNG,30,Eastern Asia,30,Eastern Asia,142,Asia,1,State,2021/05/28,2022/05/30,intl,1347005,359325,0.7894164669,3378079
Mont Blanc,,,,,,,,,,,,,,,,,,,,,,,,,,,,,,,,,,,,,,,,,,300,XMB-20220530,XMB,,929,QO,XMB,XMB,155,Western Europe,155,Western Europe,150,Europe,99,Sovereignty unsettled,2021/05/28,2022/05/30,intl,,,,0
Montenegro,2020,WorldBank,100.0,0,100.0,0,100.0,0,,62.0,44.0,72.0,2.8,1.2,0.000,0.000,0.000,0.832,76.3,12.2,"20,839",0%,0%,0,0,0.004,0.01,0,0,0.011,0.158,0,0,0,0,0,0,0,0,0,0,163,MNE-20220530,MNE,Montenegro,499,ME,MNE,MNE,39,Southern Europe,39,Southern Europe,150,Europe,1,State,2021/05/28,2022/05/30,intl,,,,627953
Montserrat,,,,,,,,,,,,,,,,,,,,,,,,,,,,,,,,,,,,,,,,,,168,MSR-20220530,MSR,Montserrat (UK),500,MS,MSR,GBR,29,Caribbean,419,Latin America and the Caribbean,19,Americas,3,Non-self-governing territory,2021/05/28,2022/05/30,intl,,,,4968
Morocco,2020,WorldBank,100.0,0,100.0,0,100.0,0,,98.0,96.0,99.0,1.4,5.8,0.773,0.318,0.455,0.683,74,5.9,"7,303",0%,0%,0,-0.001,0.3,1.9,326,1088.0000000001,0.8,21.6,0.22,-0.03,0.35,0.29,0.023,0,0.05,-0.01,0.563,0.256,152,MAR-20220530,MAR,Morocco,504,MA,MAR,MAR,15,Northern Africa,15,Northern Africa,2,Africa,1,State,2021/05/28,2022/05/30,intl,1362825450,178038883,0.8844551858,37772756
Moselle River,,,,,,,,,,,,,,,,,,,,,,,,,,,,,,,,,,,,,,,,,,301,XMR-20220530,XMR,,930,QP,XMO,XMO,155,Western Europe,155,Western Europe,150,Europe,8,Joint sovereignty,2021/05/28,2022/05/30,intl,,,,165
Mozambique,2020,WorldBank,30.6,"21,690,074",75.0,"2,901,172",4.5,"18,788,902",,5.0,0.0,14.0,64.6,73.7,8.433,8.071,0.362,0.446,59.3,3.2,"1,198",-23%,-211%,-0.09,-1.37,0.61,10.8,16933,66037,1.78,92.93,7.62,10.3,0.31,0.08,0.845,-0.029,0.04,0,7.937,10.382,166,MOZ-20220530,MOZ,Mozambique,508,MZ,MOZ,MOZ,14,Eastern Africa,202,Sub-Saharan Africa,2,Africa,1,State,2021/05/28,2022/05/30,intl,5225877,10919542,0.3236755268,33089460
Myanmar,2020,WorldBank,70.4,"16,106,826",93.0,"1,180,324",60.2,"14,926,501",,31.0,11.0,76.0,2,15.4,0.065,0.051,0.014,0.585,65.7,6.4,"3,851",0%,0%,0,-0.001,0.08,0.6,3100,9940.0000000013,0.28,6.48,0.04,0.03,0.01,0.01,-0.001,-0.003,0,0,0.049,0.039,162,MMR-20220530,MMR,Myanmar,104,MM,MMR,MMR,35,South-eastern Asia,35,South-eastern Asia,142,Asia,1,State,2021/05/28,2022/05/30,intl,1637069170,503786909,0.7646796934,55227154
Namibia,2020,WorldBank,56.3,"1,111,430",74.7,"334,908",36.3,"776,522",,47.0,13.0,72.0,15.6,27.5,0.260,0.212,0.048,0.615,59.3,7.2,"8,634",-3%,-11%,-0.001,-0.004,0.16,2.23,1359,3032,0.48,21.34,0.15,0.06,0.04,0.03,0.018,-0.005,0.01,0,0.185,0.093,174,NAM-20220530,NAM,Namibia,516,NA,NAM,NAM,18,Southern Africa,202,Sub-Saharan Africa,2,Africa,1,State,2021/05/28,2022/05/30,intl,804889,622442,0.5639119447,2633879
Nauru,2020,WorldBank,100.0,0,100.0,0,100.0,0,,100.0,100.0,100.0,1.4,1.8,,,,..,63.6,..,"17,730",,,,,,,,,,,,,,,,,,,,,184,NRU-20220530,NRU,Nauru,520,NR,NRU,NRU,57,Micronesia,57,Micronesia,9,Oceania,1,State,2021/05/28,2022/05/30,intl,,,,10896
Nepal,2020,WorldBank,89.9,"2,942,818",94.2,"347,721",88.8,"2,595,097",,35.0,20.0,63.0,8.2,26.5,4.013,3.553,0.460,0.602,68.4,5.1,"3,877",7%,-1%,0.022,-0.005,0.24,3.5,43395,146615,0.72,34,2.76,1.22,0.38,0.46,0.317,-0.112,0.05,0,3.137,1.671,183,NPL-20220530,NPL,Nepal,524,NP,NPL,NPL,34,Southern Asia,34,Southern Asia,142,Asia,1,State,2021/05/28,2022/05/30,intl,9575608,6920814,0.5804657519,30225579
Netherlands,2020,WorldBank,100.0,0,100.0,0,100.0,0,,100.0,100.0,100.0,0.1,1.8,0.052,0.010,0.042,0.941,81.7,12.6,"55,979",0%,0%,0,0,0,3,-6,-69,2,36,0.01,0.02,0.03,0.33,0.001,0.001,0.01,0.02,0.035,0.346,181,NLD-20220530,NLD,Netherlands,528,NL,NLD,NLD,155,Western Europe,155,Western Europe,150,Europe,1,State,2021/05/28,2022/05/30,intl,,,,17211447
New Caledonia,2020,WorldBank,100.0,0,100.0,0,100.0,0,,0.0,0.0,0.0,n/a,,,,,,,,,,,,,,,,,,,,,,,,,,,,,175,NCL-20220530,NCL,New Caledonia (Fr.),540,NC,NCL,FRA,54,Melanesia,54,Melanesia,9,Oceania,3,Non-self-governing territory,2021/05/28,2022/05/30,intl,,,,290924
New Zealand,2020,WorldBank,100.0,0,100.0,0,100.0,0,,100.0,100.0,100.0,n/a,,0.000,0.000,0.000,0.937,82.5,12.9,"44,057",0%,0%,0,0,0,0.1,0,-2,0,1.3,0,0,0,0,0,0,0,0,0,0,185,NZL-20220530,NZL,New Zealand,554,NZ,NZL,NZL,53,Australia and New Zealand,53,Australia and New Zealand,9,Oceania,1,State,2021/05/28,2022/05/30,intl,,,,4898200
Nicaragua,2020,WorldBank,88.9,"734,837",100.0,0,72.9,"734,837",,56.0,9.0,85.0,3.9,15.6,0.000,0.000,0.000,0.667,73.8,7.1,"5,625",0%,0%,0,0,0.01,0.01,5,14,0.03,0.18,0,0,0,0,0,0,0,0,-0.003,-0.003,179,NIC-20220530,NIC,Nicaragua,558,NI,NIC,NIC,13,Central America,419,Latin America and the Caribbean,19,Americas,1,State,2021/05/28,2022/05/30,intl,1747988,1194808,0.593988846,6779103
Niger,2020,WorldBank,19.3,"19,546,396",48.4,"2,077,053",13.4,"17,469,343",,2.0,0.0,12.0,50.6,80,5.443,5.262,0.181,0.4,61.6,2.1,"1,240",-32%,-210%,-0.106,-1.311,0.56,17.4,24965,108698,1.6,130.19,4.65,8.65,0.17,0.3,0.636,0.082,0.02,0,4.815,8.942,176,NER-20220530,NER,Niger,562,NE,NER,NER,11,Western Africa,202,Sub-Saharan Africa,2,Africa,1,State,2021/05/28,2022/05/30,intl,2367858,9107871,0.2063361726,26083662
Nigeria,2020,WorldBank,55.4,"91,938,256",83.9,"17,244,067",24.6,"74,694,189",,15.0,4.0,30.0,30.9,41.8,34.212,29.010,5.202,0.535,52.7,7.2,"4,790",-3%,-212%,0,-9.9,8,156,406540,1263720,23.2,1329.3,21.76,25.15,4.06,6.92,2.885,-0.429,0.59,-0.06,25.823,32.066,178,NGA-20220530,NGA,Nigeria,566,NG,NGA,NGA,11,Western Africa,202,Sub-Saharan Africa,2,Africa,1,State,2021/05/28,2022/05/30,intl,54683562,50582066,0.5194816488,216746936
Niue,2020,WorldBank,99.7,0,100.0,0,0.0,0,,98.0,98.0,98.0,n/a,,,,,,,,,,,,,,,,,,,,,,,,,,,,,180,NIU-20220530,NIU,Niue (NZ),570,NU,NIU,NZL,61,Polynesia,61,Polynesia,9,Oceania,5,Territory/Self-governing territory,2021/05/28,2022/05/30,intl,,,,1617
No Man's Land,,,,,,,,,,,,,,,,,,,,,,,,,,,,,,,,,,,,,,,,,,291,XJL-20220530,XJL,,918,XS,XJL,XJL,145,Western Asia,145,Western Asia,142,Asia,99,Sovereignty unsettled,2021/05/28,2022/05/30,intl,,,,71266
Norfolk Island,,,,,,,,,,,,,,,,,,,,,,,,,,,,,,,,,,,,,,,,,,177,NFK-20220530,NFK,Norfolk Island (Aust.),574,NF,NFK,AUS,53,Australia and New Zealand,53,Australia and New Zealand,9,Oceania,5,Territory/Self-governing territory,2021/05/28,2022/05/30,intl,,,,2047
North Macedonia,2020,WorldBank,100.0,0,100.0,0,100.0,0,,78.0,59.0,91.0,3.4,3.7,,,,0.77,73.8,10.2,"15,918",,,,,,,,,,,,,,,,,,,,,159,MKD-20220530,MKD,North Macedonia,807,MK,MKD,MKD,39,Southern Europe,39,Southern Europe,150,Europe,1,State,2021/05/28,2022/05/30,intl,,,,2081305
Northern Mariana Islands,2020,WorldBank,100.0,0,100.0,0,100.0,0,,0.0,0.0,0.0,n/a,,,,,,,,,,,,,,,,,,,,,,,,,,,,,165,MNP-20220530,MNP,Northern Mariana Islands (USA),580,MP,MNP,USA,57,Micronesia,57,Micronesia,9,Oceania,5,Territory/Self-governing territory,2021/05/28,2022/05/30,intl,,,,58271
Norway,2020,WorldBank,100.0,0,100.0,0,100.0,0,,100.0,100.0,100.0,0.2,2,0.000,0.000,0.000,0.961,83.2,13,"64,660",0%,0%,0,0,0,0.3,0,-3,0,2.5,0,0,0,0,0,0,0,0,0,0,182,NOR-20220530,NOR,Norway,578,NO,NOR,NOR,154,Northern Europe,154,Northern Europe,150,Europe,1,State,2021/05/28,2022/05/30,intl,,,,5511377
Oman,2020,WorldBank,100.0,0,100.0,0,100.0,0,,100.0,100.0,100.0,n/a,,0.000,0.000,0.000,0.816,72.5,11.7,"27,054",0%,0%,0,0,0,0.1,0,3,0,0.9,0,0,0,0,0,0,0,0,0,0,186,OMN-20220530,OMN,Oman,512,OM,OMN,OMN,145,Western Asia,145,Western Asia,142,Asia,1,State,2021/05/28,2022/05/30,intl,,,,5324000
Pakistan,2020,WorldBank,75.4,"54,384,372",100.0,0,60.8,"54,384,372",,49.0,26.0,86.0,4.9,16.7,0.332,0.240,0.092,0.544,66.1,4.5,"4,624",0%,0%,0.004,0,0.3,1.1,9379.9999999999,12720.0000000009,1,15.8,0.15,-0.04,0.06,-0.01,-0.003,0,0,0,0.21,-0.049,187,PAK-20220530,PAK,Pakistan,586,PK,PAK,PAK,34,Southern Asia,34,Southern Asia,142,Asia,1,State,2021/05/28,2022/05/30,intl,82921079,23498245,0.7791919351,229488995
Palau,2020,WorldBank,100.0,0,100.0,0,100.0,0,,100.0,100.0,100.0,n/a,,,,,0.767,66,12.5,"13,819",,,,,,,,,,,,,,,,,,,,,192,PLW-20220530,PLW,Palau,585,PW,PLW,PLW,57,Micronesia,57,Micronesia,9,Oceania,1,State,2021/05/28,2022/05/30,intl,,,,18224
Palestine,,"IFS, Pardee",,,,,,,,,,,,,0.007,0.003,0.004,,,,,-1%,0%,0,-0.001,0.03,0.29,32,122,0.12,2.69,0,0,0,0,0,0,0,0,-0.001,0.004,,,,,,,,,,,,,,,,,,,,,,,
"Palestine, State of",,,,,,,,,,,,,,,,,,0.715,73.5,9.9,"6,583",,,,,,,,,,,,,,,,,,,,,,,,,,,,,,,,,,,,,,,,,,,
Panama,2020,WorldBank,96.7,"142,187",99.7,"9,287",90.2,"132,900",,88.0,69.0,98.0,1,,0.002,0.000,0.002,0.805,76.2,10.5,"26,957",0%,0%,0,0,0.03,0.2,9,15,0.08,1.8,0,0,0,0,0,0,0,0,0,0,188,PAN-20220530,PAN,Panama,591,PA,PAN,PAN,13,Central America,419,Latin America and the Caribbean,19,Americas,1,State,2021/05/28,2022/05/30,intl,1188665,286797,0.805622239,4446953
Papua New Guinea,2020,WorldBank,60.4,"3,543,023",83.6,"195,813",56.8,"3,347,210",,9.0,4.0,37.0,39.7,74.7,0.018,0.016,0.002,0.558,65.4,4.7,"4,009",-1%,-8%,-0.001,-0.01,0.05,0.56,1002,4584.0000000002,0.17,5.39,0,0.02,0,0,0,-0.001,0,0,-0.002,0.021,193,PNG-20220530,PNG,Papua New Guinea,598,PG,PNG,PNG,54,Melanesia,54,Melanesia,9,Oceania,1,State,2021/05/28,2022/05/30,intl,1123528,3261079,0.2562437181,9292168
Paracel Islands,,,,,,,,,,,,,,,,,,,,,,,,,,,,,,,,,,,,,,,,,,304,XPI-20220530,XPI,,933,QS,XPI,XPI,35,South-eastern Asia,35,South-eastern Asia,142,Asia,99,Sovereignty unsettled,2021/05/28,2022/05/30,intl,,,,364
Paraguay,2020,WorldBank,100.0,0,100.0,0,100.0,0,,69.0,41.0,86.0,0.8,1.3,0.006,0.003,0.003,0.717,70.3,8.9,"12,349",-1%,-1%,-0.001,-0.001,0.35,2,172,441,0.71,27.61,0,0,0,0,-0.003,0,0,0,0.001,0.006,200,PRY-20220530,PRY,Paraguay,600,PY,PRY,PRY,5,South America,419,Latin America and the Caribbean,19,Americas,1,State,2021/05/28,2022/05/30,intl,3429226,402776,0.8948914954,7305842
Peru,2020,WorldBank,99.3,"226,908",100.0,0,96.8,"226,908",,85.0,42.0,96.0,5.8,7,0.100,0.022,0.078,0.762,72.4,9.9,"12,246",0%,0%,-0.001,-0.002,0.5,2.7,867,3207.0000000001,1.5,34.3,0,0,0.04,0.02,0.003,-0.001,0.01,0,0.036,0.016,190,PER-20220530,PER,Peru,604,PE,PER,PER,5,South America,419,Latin America and the Caribbean,19,Americas,1,State,2021/05/28,2022/05/30,intl,14805805,3308281,0.8173641772,33684223
Pheasant Island,,,,,,,,,,,,,,,,,,,,,,,,,,,,,,,,,,,,,,,,,,303,XPH-20220530,XPH,,932,QR,XPH,XPH,155,Western Europe,155,Western Europe,150,Europe,8,Joint sovereignty,2021/05/28,2022/05/30,intl,,,,0
Philippines,2020,WorldBank,96.8,"3,460,150",98.2,"917,400",95.6,"2,542,749",,48.0,28.0,69.0,3,8.2,7.985,5.623,2.362,0.699,69.3,9,"8,920",0%,-7%,-0.002,-0.095,3,32,46210,138480,8.8,330,4.25,3.6,1.81,1.85,0.558,-0.023,0.25,-0.02,6.058,5.453,191,PHL-20220530,PHL,Philippines,608,PH,PHL,PHL,35,South-eastern Asia,35,South-eastern Asia,142,Asia,1,State,2021/05/28,2022/05/30,intl,42476533,14731371,0.7424941316,112508983
Pitcairn,,,,,,,,,,,,,,,,,,,,,,,,,,,,,,,,,,,,,,,,,,189,PCN-20220530,PCN,Pitcairn (UK),612,PN,PCN,GBR,61,Polynesia,61,Polynesia,9,Oceania,3,Non-self-governing territory,2021/05/28,2022/05/30,intl,,,,48
Poland,2020,WorldBank,100.0,0,100.0,0,100.0,0,,100.0,100.0,100.0,0.2,0,0.089,0.054,0.035,0.876,76.5,13.2,"33,034",0%,0%,0,0,0.3,1,0,-20,1.1,16,0.04,0.05,0.03,0.02,-0.001,0,0,0,0.07,0.065,194,POL-20220530,POL,Poland,616,PL,POL,POL,151,Eastern Europe,151,Eastern Europe,150,Europe,1,State,2021/05/28,2022/05/30,intl,,,,37739773
Portugal,2020,WorldBank,100.0,0,100.0,0,100.0,0,,100.0,100.0,100.0,0.1,1.7,0.076,0.062,0.014,0.866,81,9.6,"33,155",0%,0%,0,0,0.2,1.4,-20,-130.0000000001,0.7,17,0.06,0.23,0.01,0.09,0.008,0.008,0,0.01,0.068,0.318,197,PRT_1-20220530,PRT_1,Portugal,620,PT,PRT,PRT,39,Southern Europe,39,Southern Europe,150,Europe,1,State,2021/05/28,2022/05/30,intl,,,,9650712
Puerto Rico,2020,WorldBank,100.0,0,100.0,0,100.0,0,,0.0,0.0,0.0,n/a,,0.001,0.000,0.001,,,,,0%,0%,0,0,0,0.1,-1,-2,0.22,1.32,0,0,0,0,0,0,0,0,-0.0011,-0.0011,195,PRI-20220530,PRI,Puerto Rico (USA),630,PR,PRI,USA,29,Caribbean,419,Latin America and the Caribbean,19,Americas,5,Territory/Self-governing territory,2021/05/28,2022/05/30,intl,1018260,30516,0.9709032243,2829807
Qatar,2020,WorldBank,100.0,0,100.0,0,100.0,0,,100.0,100.0,100.0,n/a,,0.001,0.000,0.001,0.855,79.3,10,"87,134",0%,0%,0,0,0.1,1,0,1,0.3,9.2,0,0,0,0.01,0,0,0,0,0,0.0104,204,QAT-20220530,QAT,Qatar,634,QA,QAT,QAT,145,Western Asia,145,Western Asia,142,Asia,1,State,2021/05/28,2022/05/30,intl,,,,2979916
Republic of Korea,2020,WorldBank,100.0,0,100.0,0,100.0,0,,100.0,100.0,100.0,0.2,,,,,,,,,,,,,,,,,,,,,,,,,,,,,137,KOR-20220530,KOR,Republic of Korea,410,KR,KOR,KOR,30,Eastern Asia,30,Eastern Asia,142,Asia,1,State,2021/05/28,2022/05/30,intl,28642152,333320,0.9884964773,51329917
Republic of Moldova,2020,WorldBank,100.0,0,100.0,0,100.0,0,,96.0,95.0,99.0,0,0.8,,,,,,,,,,,,,,,,,,,,,,,,,,,,154,MDA-20220530,MDA,Republic of Moldova,498,MD,MDA,MDA,151,Eastern Europe,151,Eastern Europe,150,Europe,1,State,2021/05/28,2022/05/30,intl,,,,4013176
Romania,2020,WorldBank,100.0,0,100.0,0,100.0,0,,88.0,79.0,96.0,2.2,0.1,0.188,0.142,0.046,0.821,74.2,11.3,"30,027",0%,0%,0,0,0.3,1.2,6,29,1,17.5,0.12,0.31,0.03,0.12,0.012,0.006,0,0,0.147,0.425,206,ROU-20220530,ROU,Romania,642,RO,ROU,ROU,151,Eastern Europe,151,Eastern Europe,150,Europe,1,State,2021/05/28,2022/05/30,intl,,,,19031334
Russian Federation,2020,WorldBank,100.0,0,100.0,0,100.0,0,,86.0,89.0,90.0,0,5,0.280,0.168,0.112,0.822,69.4,12.8,"27,166",0%,0%,0,0.001,1,-2,-20,-2.27373675443232E-010,3,24,0.17,0.16,0.11,0.06,0.015,0,-0.01,0,0.277,0.22,207,RUS-20220530,RUS,Russian Federation,643,RU,RUS,RUS,151,Eastern Europe,151,Eastern Europe,150,Europe,1,State,2021/05/28,2022/05/30,intl,,,,145805941
Rwanda,2020,WorldBank,46.6,"6,916,480",86.4,"307,065",38.2,"6,609,415",,2.0,0.0,10.0,52,57.4,4.252,4.040,0.212,0.534,66.1,4.4,"2,210",-2%,-73%,0.003,-0.157,0.29,7.4,6630,27007,0.79,60.1,3.4,2.95,0.19,0.22,0.436,-0.066,0.03,0,3.589,3.161,208,RWA-20220530,RWA,Rwanda,646,RW,RWA,RWA,14,Eastern Africa,202,Sub-Saharan Africa,2,Africa,1,State,2021/05/28,2022/05/30,intl,1721886,4715319,0.2674896947,13600470
Réunion,,,,,,,,,,,,,,,,,,,,,,,,,,,,,,,,,,,,,,,,,,205,REU-20220530,REU,Réunion (Fr.),638,RE,REU,FRA,14,Eastern Africa,202,Sub-Saharan Africa,2,Africa,5,Territory/Self-governing territory,2021/05/28,2022/05/30,intl,,,,908063
Saint Barthélemy,,,,,,,,,,,,,,,,,,,,,,,,,,,,,,,,,,,,,,,,,,39,BLM-20220530,BLM,Saint Barthélemy (Fr.),652,BL,BLM,FRA,29,Caribbean,419,Latin America and the Caribbean,19,Americas,5,Territory/Self-governing territory,2021/05/28,2022/05/30,intl,,,,9946
Saint Helena,,,,,,,,,,,,,,,,,,,,,,,,,,,,,,,,,,,,,,,,,,214,SHN_1-20220530,SHN_1,Saint Helena (UK),654,SH,SHN,GBR,11,Western Africa,202,Sub-Saharan Africa,2,Africa,3,Non-self-governing territory,2021/05/28,2022/05/30,intl,,,,4594
Saint Kitts and Nevis,2020,WorldBank,100.0,0,100.0,0,100.0,0,,100.0,100.0,100.0,n/a,,,,,0.777,71.7,8.7,"23,358",,,,,,,,,,,,,,,,,,,,,136,KNA-20220530,KNA,Saint Kitts and Nevis,659,KN,KNA,KNA,29,Caribbean,419,Latin America and the Caribbean,19,Americas,1,State,2021/05/28,2022/05/30,intl,,,,53865
Saint Lucia,2020,WorldBank,100.0,0,100.0,0,100.0,0,,94.0,94.0,97.0,5.1,,,,,0.715,71.1,8.5,"12,048",,,,,,,,,,,,,,,,,,,,,143,LCA-20220530,LCA,Saint Lucia,662,LC,LCA,LCA,29,Caribbean,419,Latin America and the Caribbean,19,Americas,1,State,2021/05/28,2022/05/30,intl,88469,1055,0.9882154506,185083
Saint Martin (French Part),2020,WorldBank,100.0,0,100.0,0,100.0,0,,#N/A,#N/A,#N/A,,,,,,,,,,,,,,,,,,,,,,,,,,,,,,151,MAF-20220530,MAF,Saint Martin (Fr.),663,MF,MAF,FRA,29,Caribbean,419,Latin America and the Caribbean,19,Americas,5,Territory/Self-governing territory,2021/05/28,2022/05/30,intl,,,,39732
Saint Pierre and Miquelon,,,,,,,,,,,,,,,,,,,,,,,,,,,,,,,,,,,,,,,,,,225,SPM-20220530,SPM,Saint Pierre and Miquelon (Fr.),666,PM,SPM,FRA,21,Northern America,21,Northern America,19,Americas,5,Territory/Self-governing territory,2021/05/28,2022/05/30,intl,,,,5757
Saint Vincent and the Grenadines,2020,WorldBank,100.0,0,100.0,0,100.0,0,,94.0,96.0,96.0,n/a,,,,,0.751,69.6,10.8,"11,961",,,,,,,,,,,,,,,,,,,,,267,VCT-20220530,VCT,Saint Vincent and the Grenadines,670,VC,VCT,VCT,29,Caribbean,419,Latin America and the Caribbean,19,Americas,1,State,2021/05/28,2022/05/30,intl,,,,111552
Samoa,2020,WorldBank,100.0,0,100.0,5,100.0,0,,36.0,29.0,65.0,1.2,,0.001,0.001,0.000,0.707,72.8,11.4,"5,308",0%,0%,0,0,0,0.004,14.3,26.2,0,0.05,0,0,0,0,0,0,0,0,0.0012,0.0002,275,WSM-20220530,WSM,Samoa,882,WS,WSM,WSM,61,Polynesia,61,Polynesia,9,Oceania,1,State,2021/05/28,2022/05/30,intl,,,,202242
San Marino,2020,WorldBank,100.0,0,100.0,0,100.0,0,,100.0,100.0,100.0,n/a,,,,,0.853,80.9,10.8,"52,654",,,,,,,,,,,,,,,,,,,,,223,SMR-20220530,SMR,San Marino,674,SM,SMR,SMR,39,Southern Europe,39,Southern Europe,150,Europe,1,State,2021/05/28,2022/05/30,intl,,,,34077
Sao Tome and Principe,2020,WorldBank,76.6,"51,373",78.4,"35,117",71.1,"16,256",,3.0,1.0,4.0,15.6,24.9,0.002,0.000,0.002,0.618,67.6,6.2,"4,021",2%,-24%,0,-0.001,0.001,0.007,37,60,0.002,0.082,0,0,0,0,0,0,0,0,0.0014,0.0001,228,STP-20220530,STP,Sao Tome and Principe,678,ST,STP,STP,17,Middle Africa,202,Sub-Saharan Africa,2,Africa,1,State,2021/05/28,2022/05/30,intl,36229,7245,0.8333486682,227678
Saudi Arabia,2020,WorldBank,100.0,0,100.0,0,100.0,0,,100.0,100.0,100.0,n/a,,0.091,0.035,0.056,0.875,76.9,11.3,"46,112",0%,0%,0,0,1,6,-16,-48,4,86,0.03,0.04,0.04,0.02,0.004,0,0.01,0,0.071,0.066,209,SAU-20220530,SAU,Saudi Arabia,682,SA,SAU,SAU,145,Western Asia,145,Western Asia,142,Asia,1,State,2021/05/28,2022/05/30,intl,,,,35844918
Scarborough Reef,,,,,,,,,,,,,,,,,,,,,,,,,,,,,,,,,,,,,,,,,,308,XSR-20220530,XSR,,937,QW,XSR,XSR,35,South-eastern Asia,35,South-eastern Asia,142,Asia,99,Sovereignty unsettled,2021/05/28,2022/05/30,intl,,,,0
Senegal,2020,WorldBank,70.4,"4,961,404",95.2,"388,660",47.4,"4,572,744",,24.0,4.0,46.0,9.3,32.3,1.141,1.032,0.109,0.511,67.1,2.9,"3,344",-3%,-18%,-0.004,-0.057,0.31,6,5894,15535.9999999999,0.89,53.31,0.78,0.62,0.09,0.09,0.107,-0.016,0.01,0,0.868,0.712,211,SEN-20220530,SEN,Senegal,686,SN,SEN,SEN,11,Western Africa,202,Sub-Saharan Africa,2,Africa,1,State,2021/05/28,2022/05/30,intl,5505780,3240318,0.6295127267,17653668
Senkaku Islands,,,,,,,,,,,,,,,,,,,,,,,,,,,,,,,,,,,,,,,,,,306,XSK-20220530,XSK,,935,QU,XSK,JPN,30,Eastern Asia,30,Eastern Asia,142,Asia,99,Sovereignty unsettled,2021/05/28,2022/05/30,intl,,,,38
Serbia,2020,WorldBank,100.0,0,100.0,0,100.0,0,,80.0,64.0,92.0,2.3,0.2,0.000,0.000,0.000,0.802,74.2,11.4,"19,123",0%,0%,0,0,0.02,0,1,8,0.06,0.95,0,0,0,0,0,0,0,0,0,0,226,SRB_1-20220530,SRB_1,Serbia,688,RS,SRB,SRB,39,Southern Europe,39,Southern Europe,150,Europe,1,State,2021/05/28,2022/05/30,intl,,,,8653016
Seychelles,2020,WorldBank,100.0,0,100.0,0,100.0,0,,100.0,100.0,100.0,0.5,0.9,0.000,0.000,0.000,0.785,71.3,10.3,"25,831",0%,0%,0,0,0,-0.001,0,0,0,-0.005,0,0,0,0,0,0,0,0,0,0,235,SYC-20220530,SYC,Seychelles,690,SC,SYC,SYC,14,Eastern Africa,202,Sub-Saharan Africa,2,Africa,1,State,2021/05/28,2022/05/30,intl,53053,1705,0.9688629972,99435
Shipki Pass,,,,,,,,,,,,,,,,,,,,,,,,,,,,,,,,,,,,,,,,,,307,XSP-20220530,XSP,,936,QV,XSP,XSP,34,Southern Asia,34,Southern Asia,142,Asia,99,Sovereignty unsettled,2021/05/28,2022/05/30,intl,,,,246
Sierra Leone,2020,WorldBank,26.2,"5,886,944",54.7,"1,551,283",4.8,"4,335,661",,1.0,0.0,1.0,26.1,54,1.300,1.169,0.131,0.477,60.1,4.6,"1,622",10%,-251%,0.012,-0.356,0.036,1.18,9306,34675,0.1,8.879,0.91,1.48,0.11,0.12,0.122,0.011,0.02,0,1.017,1.601,221,SLE-20220530,SLE,Sierra Leone,694,SL,SLE,SLE,11,Western Africa,202,Sub-Saharan Africa,2,Africa,1,State,2021/05/28,2022/05/30,intl,582463,2422547,0.1938306362,8306438
Singapore,2020,WorldBank,100.0,0,100.0,0,100.0,0,,100.0,100.0,100.0,n/a,,0.000,0.000,0.000,0.939,82.8,11.9,"90,919",0%,0%,0,0,-0.1,0.2,1,1,-0.2,0,0,0,0,0,0,0,0,0,0,0,212,SGP-20220530,SGP,Singapore,702,SG,SGP,SGP,35,South-eastern Asia,35,South-eastern Asia,142,Asia,1,State,2021/05/28,2022/05/30,intl,,,,5943552
Sint Maarten (Dutch part),2020,WorldBank,100.0,0,100.0,0,100.0,0,,0.0,0.0,0.0,n/a,,,,,,,,,,,,,,,,,,,,,,,,,,,,,234,SXM-20220530,SXM,Sint Maarten (Neth.),534,SX,SXM,NLD,29,Caribbean,419,Latin America and the Caribbean,19,Americas,5,Territory/Self-governing territory,2021/05/28,2022/05/30,intl,,,,43970
Slovakia,2020,WorldBank,100.0,0,100.0,0,100.0,0,,100.0,100.0,100.0,0.1,0.1,0.042,0.027,0.015,0.848,74.9,12.9,"30,690",0%,0%,0,0,0.1,0.4,-3,-14,0.4,5.3,0.02,0.1,0.01,0.04,0.001,0.006,0,0,0.034,0.141,230,SVK-20220530,SVK,Slovakia,703,SK,SVK,SVK,151,Eastern Europe,151,Eastern Europe,150,Europe,1,State,2021/05/28,2022/05/30,intl,,,,5460194
Slovenia,2020,WorldBank,100.0,0,100.0,0,100.0,0,,100.0,100.0,100.0,0,0,0.003,0.002,0.001,0.918,80.7,12.8,"39,746",0%,0%,0,0,0.01,0.11,0,-4,0.07,1.34,0.01,0.02,0,0,0,0,0,0,0.008,0.022,231,SVN-20220530,SVN,Slovenia,705,SI,SVN,SVN,39,Southern Europe,39,Southern Europe,150,Europe,1,State,2021/05/28,2022/05/30,intl,,,,2078025
Solomon Islands,2020,WorldBank,73.3,"183,077",77.3,"38,438",72.0,"144,639",,9.0,1.0,37.0,26.6,38.7,0.001,0.001,0.000,0.564,70.3,5.7,"2,482",0%,-10%,0,-0.002,0.001,0.009,23,50,0.003,0.075,0,0,0,0,0,0,0,0,0,-0.001,220,SLB-20220530,SLB,Solomon Islands,90,SB,SLB,SLB,54,Melanesia,54,Melanesia,9,Oceania,1,State,2021/05/28,2022/05/30,intl,65766,259371,0.2022716578,721173
Somalia,2020,WorldBank,49.7,"7,989,383",70.1,"2,191,184",32.3,"5,798,199",,3.0,0.0,5.0,70.7,83.8,1.704,1.704,0.000,..,55.3,..,"1,018",3%,-96%,0.01,-0.332,0.036,2.14,21049,67373,0.093,14.033,1.31,2.35,0,0,0.173,0.058,0,0,1.304,2.347,224,SOM-20220530,SOM,Somalia,706,SO,SOM,SOM,14,Eastern Africa,202,Sub-Saharan Africa,2,Africa,1,State,2021/05/28,2022/05/30,intl,231690290,173256481,0.5721499876,16841806
South Africa,2020,WorldBank,84.4,"9,260,734",88.8,"4,471,535",75.3,"4,789,199",,87.0,66.0,95.0,20.5,21.7,1.582,1.111,0.471,0.713,62.3,11.4,"12,948",-1%,-11%,0,-0.08,1,7.7,6960,26000,3.1,90.2,0.78,0.84,0.36,0.5,0.098,-0.004,0.05,0,1.138,1.343,312,ZAF-20220530,ZAF,South Africa,710,ZA,ZAF,ZAF,18,Southern Africa,202,Sub-Saharan Africa,2,Africa,1,State,2021/05/28,2022/05/30,intl,29024990,2443735,0.9223440098,60756126
South Georgia and the South Sandwich Islands,,,,,,,,,,,,,,,,,,,,,,,,,,,,,,,,,,,,,,,,,,213,SGS-20220530,SGS,South Georgia and the South Sandwich Islands (UK),239,GS,SGS,GBR,5,South America,419,Latin America and the Caribbean,19,Americas,5,Territory/Self-governing territory,2021/05/28,2022/05/30,intl,,,,0
South Sudan,2020,WorldBank,7.2,"10,383,153",13.9,"1,947,447",5.6,"8,435,706",,0.0,0.0,0.0,67.3,84.9,,,,0.385,55,5.7,768,,,,,,,,,,,,,,,,,,,,,227,SSD-20220530,SSD,South Sudan,728,SS,SSD,SSD,14,Eastern Africa,202,Sub-Saharan Africa,2,Africa,1,State,2021/05/28,2022/05/30,intl,97413435,348587044,0.218415539,11618515
Spain,2020,WorldBank,100.0,0,100.0,0,100.0,0,,100.0,100.0,100.0,0.8,3.6,0.316,0.184,0.132,0.905,83,10.6,"38,354",0%,0%,0,-0.001,2,7,-70.0000000001,-390.0000000003,5,99,0.16,0.61,0.1,0.74,0.014,0.022,0,0.06,0.26,1.346,82,ESP_1-20220530,ESP_1,Spain,724,ES,ESP,ESP,39,Southern Europe,39,Southern Europe,150,Europe,1,State,2021/05/28,2022/05/30,intl,,,,44353798
Spratly Islands,,,,,,,,,,,,,,,,,,,,,,,,,,,,,,,,,,,,,,,,,,305,XSI-20220530,XSI,,934,QT,XSI,XSI,35,South-eastern Asia,35,South-eastern Asia,142,Asia,99,Sovereignty unsettled,2021/05/28,2022/05/30,intl,,,,0
Sri Lanka,2020,WorldBank,100.0,0,100.0,0,100.0,0,,32.0,23.0,70.0,1.3,1.7,1.768,1.575,0.193,0.782,76.4,10.8,"12,578",0%,0%,0,0,0.6,5.5,21198,86669.0000000003,2,63,1.16,1.41,0.15,0.15,0.163,0.019,0.02,0,1.305,1.557,145,LKA-20220530,LKA,Sri Lanka,144,LK,LKA,LKA,34,Southern Asia,34,Southern Asia,142,Asia,1,State,2021/05/28,2022/05/30,intl,8934421,1991529,0.817724866,21575841
St. Lucia,,"IFS, Pardee",,,,,,,,,,,,,0.002,0.002,0.000,,,,,0%,-1%,0,0,0.002,0.006,0,0,0.006,0.102,0,0,0,0,0,0,0,0,0.0014,6.96599895821937E-018,,,,,,,,,,,,,,,,,,,,,,,
St. Vincent and the Grenadines,,"IFS, Pardee",,,,,,,,,,,,,0.000,0.000,0.000,,,,,0%,-3%,0,0,0.001,0.003,0,0,0.003,0.05,0,0,0,0,0,0,0,0,0.0001,0,,,,,,,,,,,,,,,,,,,,,,,
State of Palestine,2020,WorldBank,100.0,0,100.0,0,100.0,0,,0.0,0.0,0.0,n/a,,,,,,,,,,,,,,,,,,,,,,,,,,,,,201,PSE_1-20220530,PSE_1,West Bank,275,PS,PSE,PSE,145,Western Asia,145,Western Asia,142,Asia,2,Occupied Palestinian Territory,2021/05/28,2022/05/30,intl,,,,3326459
Sudan,2020,WorldBank,55.4,"19,561,290",81.5,"2,857,035",41.2,"16,704,255",,55.0,47.0,68.0,15.3,52.5,7.223,7.075,0.148,0.508,65.3,3.8,"3,575",-3%,-38%,-0.014,-0.327,0.59,7.8,32211,138456,1.86,73.27,5.87,9.83,0.14,0.06,0.734,0.088,0.01,0,6.008,9.897,210,SDN-20220530,SDN,Sudan,729,SD,SDN,SDN,15,Northern Africa,15,Northern Africa,2,Africa,1,State,2021/05/28,2022/05/30,intl,998863638,550365624,0.6447487551,45992020
Sudan South,,"IFS, Pardee",,,,,,,,,,,,,3.589,3.338,0.251,,,,,-5%,-63%,0.01,-0.06,0,1.52,11316,35929,-0.086,10.964,3.02,2.51,0.23,0.17,0.299,-0.063,0.02,0,3.252,2.681,,,,,,,,,,,,,,,,,,,,,,,
Suriname,2020,WorldBank,98.2,"10,531",99.0,"3,955",96.7,"6,576",,94.0,90.0,97.0,18.4,,0.000,0.000,0.000,0.73,70.3,9.8,"12,672",1%,0%,0,0,0,0.001,0,0,0,0.007,0,0,0,0,0,0,0,0,0,0,229,SUR-20220530,SUR,Suriname,740,SR,SUR,SUR,5,South America,419,Latin America and the Caribbean,19,Americas,1,State,2021/05/28,2022/05/30,intl,281261,29087,0.9062761803,596841
Svalbard and Jan Mayen Islands,,,,,,,,,,,,,,,,,,,,,,,,,,,,,,,,,,,,,,,,,,218,SJM_1-20220530,SJM_1,Svalbard Islands (Nor.),744,SJ,SJM,NOR,154,Northern Europe,154,Northern Europe,150,Europe,5,Territory/Self-governing territory,2021/05/28,2022/05/30,intl,,,,3009
Sweden,2020,WorldBank,100.0,0,100.0,0,100.0,0,,100.0,100.0,100.0,0.3,2.5,0.000,0.000,0.000,0.947,83,12.6,"54,489",0%,0%,0,0,0,1,-1,-6,0.2,6.5,0,0,0,0,0,0,0,0,0,0,232,SWE-20220530,SWE,Sweden,752,SE,SWE,SWE,154,Northern Europe,154,Northern Europe,150,Europe,1,State,2021/05/28,2022/05/30,intl,,,,10218949
Switzerland,2020,WorldBank,100.0,0,100.0,0,100.0,0,,100.0,100.0,100.0,0,0.2,0.021,0.013,0.008,0.962,84,13.9,"66,933",0%,0%,0,0,0.3,2,-2,-13,0.9,19.6,0.01,0.04,0.01,0.01,0,0.004,0,0,0.017,0.054,53,CHE-20220530,CHE,Switzerland,756,CH,CHE,CHE,155,Western Europe,155,Western Europe,150,Europe,1,State,2021/05/28,2022/05/30,intl,,,,8773642
Syrian Arab Republic,2020,WorldBank,89.1,"1,900,515",100.0,0,75.6,"1,900,515",,97.0,97.0,99.0,1.1,,0.659,0.659,0.000,0.577,72.1,5.1,"4,192",-3%,-24%,-0.01,-0.07,0.01,0.1,-20,-41,0.02,0.65,0.62,0.34,0,0,0.081,-0.008,0,0,0.623,0.343,236,SYR-20220530,SYR,Syrian Arab Republic,760,SY,SYR,SYR,145,Western Asia,145,Western Asia,142,Asia,1,State,2021/05/28,2022/05/30,intl,,,,19364805
Taiwan,,"IFS, Pardee",,,,,,,,,,,,,0.154,0.027,0.127,,,,,0%,0%,0,0,0.6,4,-10,-140.0000000001,2,44.5,0.02,0.03,0.08,0.28,0.003,0,0.01,0.03,0.106,0.313,,,,,,,,,,,,,,,,,,,,,,,
"Taiwan, Province of China",,,,,,,,,,,,,,,,,,,,,,,,,,,,,,,,,,,,,,,,,,250,TWN-20220530,TWN,Taiwan,158,TW,TWN,CHN,30,Eastern Asia,30,Eastern Asia,142,Asia,6,Special region or province,2021/05/28,2022/05/30,intl,,,,23888597
Tajikistan,2020,WorldBank,99.8,"21,050",99.1,"24,848",100.0,0,,82.0,77.0,97.0,6.1,7,0.178,0.130,0.048,0.685,71.6,11.3,"4,548",0%,-1%,-0.001,-0.001,0.06,0.38,1032,2267,0.19,4.42,0.13,0.01,0.05,0.01,0.01,0,0.01,0,0.174,0.027,241,TJK-20220530,TJK,Tajikistan,762,TJ,TJK,TJK,143,Central Asia,143,Central Asia,142,Asia,1,State,2021/05/28,2022/05/30,intl,4222165,650507,0.8664989148,9957468
Tanzania,2018,HBS,,,,,,,,,,,,54.6,11.748,10.540,1.208,,,,,-16%,-157%,-0.12,-1.94,1.24,29.5,54932,186001,3.67,235.57,8.73,8.78,1.08,1.6,1.082,-0.166,0.15,0.01,9.812,10.381,,,,,,,,,,,,,,,,,,,,,,,
Tanzania (United Republic of),,,,,,,,,,,,,,,,,,0.549,66.2,6.4,"2,664",,,,,,,,,,,,,,,,,,,,,,,,,,,,,,,,,,,,,,,,,,,
Thailand,2020,WorldBank,100.0,0,100.0,0,100.0,0,,84.0,77.0,90.0,0,0.2,4.004,2.430,1.574,0.8,78.7,8.7,"17,030",0%,0%,0,0,1.9,11.9,13790,51189.9999999998,6,147.1,1.63,2.23,1.21,1.12,0.144,0.012,0.16,-0.02,2.841,3.346,240,THA-20220530,THA,Thailand,764,TH,THA,THA,35,South-eastern Asia,35,South-eastern Asia,142,Asia,1,State,2021/05/28,2022/05/30,intl,34867990,7014733,0.8325148773,70078175
Timor-Leste,2020,WorldBank,96.1,"51,112",100.0,0,94.4,"51,112",,14.0,4.0,31.0,8,23.5,0.117,0.104,0.013,0.607,67.7,5.4,"4,461",-14%,-1%,-0.003,0,0.012,0.155,547,1302,0.033,1.566,0.1,0.02,0.01,0.01,0.01,0,0,0,0.111,0.025,244,TLS-20220530,TLS,Timor-Leste,626,TL,TLS,TLS,35,South-eastern Asia,35,South-eastern Asia,142,Asia,1,State,2021/05/28,2022/05/30,intl,469588,211793,0.6891709631,1369437
Togo,2020,WorldBank,54.0,"3,808,432",94.1,"207,504",24.0,"3,600,927",,10.0,1.0,21.0,28.1,46.4,0.000,0.000,0.000,0.539,61.6,5,"2,167",1%,1%,0.001,0.002,0,0.02,1,12,0.01,0.16,0,0,0,0,0,0,0,0,0,0,239,TGO-20220530,TGO,Togo,768,TG,TGO,TGO,11,Western Africa,202,Sub-Saharan Africa,2,Africa,1,State,2021/05/28,2022/05/30,intl,2654186,1507525,0.63776317,8680849
Tokelau,,,,,,,,,,,,,,,,,,,,,,,,,,,,,,,,,,,,,,,,,,242,TKL-20220530,TKL,Tokelau (NZ),772,TK,TKL,NZL,61,Polynesia,61,Polynesia,9,Oceania,3,Non-self-governing territory,2021/05/28,2022/05/30,intl,,,,1378
Tonga,2020,WorldBank,100.0,0,100.0,0,100.0,0,,84.0,81.0,94.0,1.1,1.1,0.000,0.000,0.000,0.745,71,11.4,"6,822",0%,-3%,0,0,0,0.001,2,2,0,0.007,0,0,0,0,0,0,0,0,-0.0003,-0.0003,245,TON-20220530,TON,Tonga,776,TO,TON,TON,61,Polynesia,61,Polynesia,9,Oceania,1,State,2021/05/28,2022/05/30,intl,,,,107741
Trinidad and Tobago,2020,WorldBank,100.0,0,100.0,0,100.0,0,,100.0,100.0,100.0,2.1,,0.001,0.001,0.001,0.81,73,11.6,"23,392",0%,0%,0,0,0.01,0.02,0,1,0.05,0.44,0,0,0,0,0,0,0,0,0.0004,-0.0013,246,TTO-20220530,TTO,Trinidad and Tobago,780,TT,TTO,TTO,29,Caribbean,419,Latin America and the Caribbean,19,Americas,1,State,2021/05/28,2022/05/30,intl,391641,1641,0.9958274215,1406586
Tunisia,2020,WorldBank,100.0,0,100.0,0,100.0,0,,100.0,100.0,100.0,0.1,1.5,0.578,0.243,0.335,0.731,73.8,7.4,"10,258",0%,0%,0,-0.001,0.14,1.1,-9,15,0.45,13.15,0.2,0.12,0.26,0.18,0.025,-0.004,0.03,0,0.458,0.293,247,TUN-20220530,TUN,Tunisia,788,TN,TUN,TUN,15,Northern Africa,15,Northern Africa,2,Africa,1,State,2021/05/28,2022/05/30,intl,5297498,1203003,0.8149368795,12046648
Turkey,2020,WorldBank,100.0,0,100.0,0,100.0,0,,95.0,84.0,99.0,0.4,0.6,0.020,0.009,0.011,,,,,0%,0%,0,0,0,2,10,0,0,15,0.01,0.04,0.01,0.09,0.002,0.001,0,0.01,0.02,0.124,248,TUR-20220530,TUR,Turkey,792,TR,TUR,TUR,145,Western Asia,145,Western Asia,142,Asia,1,State,2021/05/28,2022/05/30,intl,,,,85561965
Turkmenistan,2020,WorldBank,100.0,0,100.0,0,100.0,0,,100.0,100.0,100.0,43.1,,0.012,0.006,0.006,0.745,69.3,11.3,"13,021",0%,0%,0,0,0.06,0.7,9,57,0.16,6.91,0.01,0,0,0,0.001,0,0,0,0.008,-0.003,243,TKM-20220530,TKM,Turkmenistan,795,TM,TKM,TKM,143,Central Asia,143,Central Asia,142,Asia,1,State,2021/05/28,2022/05/30,intl,,,,6201945
Turks and Caicos Islands,2020,WorldBank,99.4,232,100.0,0,100.0,0,,0.0,0.0,0.0,n/a,,,,,,,,,,,,,,,,,,,,,,,,,,,,,237,TCA-20220530,TCA,Turks and Caicos Islands (UK),796,TC,TCA,GBR,29,Caribbean,419,Latin America and the Caribbean,19,Americas,3,Non-self-governing territory,2021/05/28,2022/05/30,intl,,,,39744
Tuvalu,2020,WorldBank,99.7,37,100.0,0,99.1,37,,71.0,36.0,93.0,3.6,4.3,,,,0.641,64.5,10.6,"6,351",,,,,,,,,,,,,,,,,,,,,249,TUV-20220530,TUV,Tuvalu,798,TV,TUV,TUV,61,Polynesia,61,Polynesia,9,Oceania,1,State,2021/05/28,2022/05/30,intl,,,,12061
Türkiye,,,,,,,,,,,,,,,,,,0.838,76,8.6,"31,033",,,,,,,,,,,,,,,,,,,,,,,,,,,,,,,,,,,,,,,,,,,
Uganda,2020,WorldBank,42.1,"26,495,741",69.9,"3,438,987",32.8,"23,056,754",,0.0,0.0,1.0,42.2,52.3,12.885,11.530,1.355,0.525,62.7,5.7,"2,181",-53%,-207%,-0.32,-2.012,1.76,53.6,30560,137316,4.99,406.28,10.25,10.45,1.25,2.05,1.21,-0.162,0.17,0.03,11.503,12.501,252,UGA-20220530,UGA,Uganda,800,UG,UGA,UGA,14,Eastern Africa,202,Sub-Saharan Africa,2,Africa,1,State,2021/05/28,2022/05/30,intl,5208213,18155158,0.2229221545,48432880
Ukraine,2020,WorldBank,100.0,0,100.0,0,100.0,0,,95.0,87.0,99.0,0,1.7,0.365,0.135,0.230,0.773,71.6,11.1,"13,256",0%,0%,0,0,0.1,0.4,-75,231.0000000001,0,5.1,0.13,0.16,0.23,0.3,0.013,0,0.03,0,0.364,0.463,253,UKR-20220530,UKR,Ukraine,804,UA,UKR,UKR,151,Eastern Europe,151,Eastern Europe,150,Europe,1,State,2021/05/28,2022/05/30,intl,,,,43192103
United Arab Emirates,2020,WorldBank,100.0,0,100.0,0,100.0,0,,100.0,100.0,100.0,0,,0.009,0.004,0.005,0.911,78.7,12.7,"62,574",0%,0%,0,0,0.4,2.5,2,21,1.2,28.2,0,0.01,0.01,0.04,0,0.001,0,0.01,0.009,0.048,8,ARE-20220530,ARE,United Arab Emirates,784,AE,ARE,ARE,145,Western Asia,145,Western Asia,142,Asia,1,State,2021/05/28,2022/05/30,intl,,,,10081781
United Kingdom,,"IFS, Pardee",,,,,,,,,,,,,0.332,0.191,0.141,0.929,80.7,13.4,"45,225",0%,0%,-0.001,-0.001,2,11,-40,-130.0000000001,7,147,0.17,0.49,0.11,0.11,0.02,0.01,0.01,0.03,0.277,0.601,,,,,,,,,,,,,,,,,,,,,,,
United Kingdom of Great Britain and Northern Ireland,2020,WorldBank,100.0,0,100.0,0,100.0,0,,100.0,100.0,100.0,0,1.2,,,,,,,,,,,,,,,,,,,,,,,,,,,,94,GBR-20220530,GBR,United Kingdom of Great Britain and Northern Ireland,826,GB,GBR,GBR,154,Northern Europe,154,Northern Europe,150,Europe,1,State,2021/05/28,2022/05/30,intl,,,,68497861
United Republic of Tanzania,2020,WorldBank,39.9,"35,900,262",72.9,"5,702,537",22.0,"30,197,725",,4.0,1.0,11.0,44.9,,,,,,,,,,,,,,,,,,,,,,,,,,,,,251,TZA-20220530,TZA,United Republic of Tanzania,834,TZ,TZA,TZA,14,Eastern Africa,202,Sub-Saharan Africa,2,Africa,1,State,2021/05/28,2022/05/30,intl,11008356,19863441,0.3565829356,63298535
United States,,,,,,,,,,,,,,,,,,0.921,77.2,13.7,"64,765",,,,,,,,,,,,,,,,,,,,,,,,,,,,,,,,,,,,,,,,,,,
United States Minor Outlying Islands,,,,,,,,,,,,,,,,,,,,,,,,,,,,,,,,,,,,,,,,,,254,UMI_1-20220530,UMI_1,Baker Island (USA),581,UM,UMI,USA,57,Micronesia,57,Micronesia,9,Oceania,5,Territory/Self-governing territory,2021/05/28,2022/05/30,intl,,,,0
United States Virgin Islands,2020,WorldBank,100.0,0,100.0,0,100.0,0,,0.0,0.0,0.0,n/a,,,,,,,,,,,,,,,,,,,,,,,,,,,,,271,VIR-20220530,VIR,United States Virgin Islands (USA),850,VI,VIR,USA,29,Caribbean,419,Latin America and the Caribbean,19,Americas,3,Non-self-governing territory,2021/05/28,2022/05/30,intl,,,,103968
United States of America,2020,WorldBank,100.0,0,100.0,0,100.0,0,,100.0,100.0,100.0,1,1.1,1.078,0.629,0.449,,,,,0%,0%,-0.002,-0.004,10,49,-150,-249.9999999982,32,688,0.55,1.15,0.33,0.24,0.05,0.039,0,-0.03,0.88,1.391,264,USA-20220530,USA,United States of America,840,US,USA,USA,21,Northern America,21,Northern America,19,Americas,1,State,2021/05/28,2022/05/30,intl,,,,334805277
Uruguay,2020,WorldBank,100.0,0,100.0,0,100.0,0,,100.0,100.0,100.0,0.2,0.1,0.000,0.000,0.000,0.809,75.4,9,"21,269",0%,0%,0,0,0.02,0.1,0,-7.105427357601E-012,0.06,0.73,0,0,0,0,0,0,0,0,0,0,263,URY-20220530,URY,Uruguay,858,UY,URY,URY,5,South America,419,Latin America and the Caribbean,19,Americas,1,State,2021/05/28,2022/05/30,intl,1932608,48019,0.9757556572,3496015
Uzbekistan,2020,WorldBank,100.0,0,100.0,0,100.0,0,,84.0,73.0,98.0,82.2,,0.000,0.000,0.000,0.727,70.9,11.9,"7,917",0%,0%,0,0.001,0,0.1,17,30,0,0.9,0,0,0,0,0,0,0,0,-0.005,-0.005,265,UZB-20220530,UZB,Uzbekistan,860,UZ,UZB,UZB,143,Central Asia,143,Central Asia,142,Asia,1,State,2021/05/28,2022/05/30,intl,,,,34382076
Vanuatu,2020,WorldBank,67.3,"100,336",95.6,"3,461",57.7,"96,875",,8.0,2.0,21.0,10,15.4,0.029,0.028,0.001,0.607,70.4,7.1,"3,085",-2%,-15%,-0.001,-0.001,0.008,0.075,211,535,0.024,0.8,0.02,0.01,0,0,0.002,-0.001,0,0,0.0214,0.0052,273,VUT-20220530,VUT,Vanuatu,548,VU,VUT,VUT,54,Melanesia,54,Melanesia,9,Oceania,1,State,2021/05/28,2022/05/30,intl,51668,100394,0.3397824572,321831
Venezuela (Bolivarian Republic of),2020,WorldBank,100.0,0,100.0,0,100.0,0,,97.0,88.0,99.0,7.1,,,,,0.691,70.6,11.1,"4,811",,,,,,,,,,,,,,,,,,,,,268,VEN_1-20220530,VEN_1,Venezuela (Bolivarian Republic of),862,VE,VEN,VEN,5,South America,419,Latin America and the Caribbean,19,Americas,1,State,2021/05/28,2022/05/30,intl,,,,29266992
"Venezuela, Bolivarian Republic",,"IFS, Pardee",,,,,,,,,,,,,1.391,0.490,0.901,,,,,-6%,-160%,-0.02,-0.62,0.36,5.3,156,2020,1.33,50.46,0.48,1.25,0.98,2.05,0.058,0.008,0.1,-0.02,1.457,3.308,,,,,,,,,,,,,,,,,,,,,,,
Viet Nam,2020,WorldBank,100.0,0,100.0,0,100.0,0,,65.0,56.0,82.0,1.2,2.5,3.213,1.958,1.255,0.703,73.6,8.4,"7,867",0%,0%,0.001,0,1,8.3,23300,65279.9999999999,2.8,95.6,1.54,0.41,1,0.76,0.227,-0.01,0.14,-0.02,2.535,1.175,272,VNM-20220530,VNM,Viet Nam,704,VN,VNM,VNM,35,South-eastern Asia,35,South-eastern Asia,142,Asia,1,State,2021/05/28,2022/05/30,intl,45099632,8884293,0.8354270646,98953535
Wallis and Futuna Islands,,,,,,,,,,,,,,,,,,,,,,,,,,,,,,,,,,,,,,,,,,274,WLF-20220530,WLF,Wallis and Futuna Islands (Fr.),876,WF,WLF,FRA,61,Polynesia,61,Polynesia,9,Oceania,5,Territory/Self-governing territory,2021/05/28,2022/05/30,intl,,,,10979
Western Sahara,,,,,,,,,,,,,,,,,,,,,,,,,,,,,,,,,,,,,,,,,,81,ESH-20220530,ESH,Western Sahara,732,EH,ESH,MAR,15,Northern Africa,15,Northern Africa,2,Africa,3,Non-self-governing territory,2021/05/28,2022/05/30,intl,,,,626168
Yemen,2020,WorldBank,73.8,"7,826,952",93.1,"778,622",61.9,"7,048,330",,62.0,42.0,93.0,19.8,35.4,1.636,1.534,0.102,0.455,63.8,3.2,"1,314",-5%,-54%,-0.01,-0.28,0.08,1.05,6066,19691.9999999999,0.26,10.32,1.19,1.25,0.08,-0.01,0.143,-0.051,0,0,1.267,1.238,311,YEM-20220530,YEM,Yemen,887,YE,YEM,YEM,145,Western Asia,145,Western Asia,142,Asia,1,State,2021/05/28,2022/05/30,intl,,,,31154827
Zambia,2020,WorldBank,44.5,"10,198,596",82.4,"1,445,431",14.0,"8,753,165",,10.0,2.0,20.0,61.4,66.5,3.057,2.735,0.322,0.565,61.2,7.2,"3,218",-6%,-174%,-0.01,-0.68,0.58,7.6,17932,61179.9999999999,1.74,74.32,2.08,2.67,0.25,0.47,0.271,0,0.04,0.01,2.331,3.137,313,ZMB-20220530,ZMB,Zambia,894,ZM,ZMB,ZMB,14,Eastern Africa,202,Sub-Saharan Africa,2,Africa,1,State,2021/05/28,2022/05/30,intl,3925467,5446826,0.4188374179,19470243
Zimbabwe,2020,WorldBank,52.7,"7,023,080",85.7,"684,529",37.1,"6,338,550",,30.0,7.0,79.0,39.8,42.4,4.242,4.109,0.133,0.593,59.3,8.7,"3,810",-17%,-123%,-0.028,-0.301,0.38,8.22,15722,59337.0000000002,1.11,68.28,3.37,4.18,0.11,0.02,0.455,-0.04,0.01,0,3.479,4.207,314,ZWE-20220530,ZWE,Zimbabwe,716,ZW,ZWE,ZWE,14,Eastern Africa,202,Sub-Saharan Africa,2,Africa,1,State,2021/05/28,2022/05/30,intl,3448711,5562356,0.3827194937,15331427
Åland Islands,,,,,,,,,,,,,,,,,,,,,,,,,,,,,,,,,,,,,,,,,,5,ALA-20220530,ALA,Åland Islands (Fin.),248,AX,ALA,FIN,154,Northern Europe,154,Northern Europe,150,Europe,5,Territory/Self-governing territory,2021/05/28,2022/05/30,intl,,,,29754
